Number,Issue ID,TBF,Reliability
4870,1897220360,0,1.0
4869,1896495200,0,1.0
4867,1896105762,0,1.0
4864,1890194767,2,0.9723205069616594
4862,1888749650,0,1.0
4861,1888438803,0,1.0
4859,1885399555,1,0.9860631353831556
4839,1848482266,11,0.8569430283424219
4838,1845371669,3,0.9587694076919532
4837,1844933817,0,1.0
4833,1826358340,0,1.0
4832,1822615049,1,0.9860631353831556
4831,1822320924,0,1.0
4829,1814039251,5,0.9322311565463698
4828,1813491754,3,0.9587694076919532
4827,1811828911,4,0.9454071682581783
4825,1808931341,2,0.9723205069616594
4820,1805708336,0,1.0
4818,1802740622,3,0.9587694076919532
4817,1801033178,11,0.8569430283424219
4816,1800901671,1,0.9860631353831556
4815,1800167841,5,0.9322311565463698
4812,1789077556,8,0.8937947137939475
4810,1782468439,3,0.9587694076919532
4809,1780965131,26,0.6942610339259512
4807,1775753789,17,0.7877352614401208
4804,1769423384,13,0.8332232797551633
4802,1767177158,32,0.638191663832309
4801,1763731335,38,0.5866505246332054
4800,1763716937,38,0.5866505246332054
4795,1752969216,0,1.0
4794,1752697024,0,1.0
4793,1751454828,0,1.0
4792,1749749552,0,1.0
4791,1749699413,0,1.0
4790,1749244670,1,0.9860631353831556
4789,1748529229,0,1.0
4787,1747307942,1,0.9860631353831556
4786,1746396749,1,0.9860631353831556
4784,1744066826,99,0.24921119596026206
4783,1743081680,3,0.9587694076919532
4782,1738587947,8,0.8937947137939475
4781,1737643682,0,1.0
4780,1737611887,0,1.0
4779,1737461942,0,1.0
4778,1733754501,0,1.0
4777,1731173138,0,1.0
4775,1725085350,4,0.9454071682581783
4773,1723437550,5,0.9322311565463698
4772,1723377566,13,0.8332232797551633
4771,1722483268,1,0.9860631353831556
4770,1719852679,1,0.9860631353831556
4768,1711629532,15,0.810160081783797
4767,1708881362,8,0.8937947137939475
4766,1708648106,0,1.0
4765,1707618980,1,0.9860631353831556
4763,1705984823,20,0.7552564700290105
4762,1705210249,20,0.7552564700290105
4761,1704940434,20,0.7552564700290105
4760,1703232203,7,0.9064274707386204
4758,1700795430,8,0.8937947137939475
4757,1700487722,4,0.9454071682581783
4756,1695574065,13,0.8332232797551633
4755,1695369523,0,1.0
4754,1695264304,29,0.6656362402807872
4753,1694194803,0,1.0
4750,1682385637,0,1.0
4749,1682001888,0,1.0
4748,1681784526,0,1.0
4746,1680590119,48,0.5098315301712449
4745,1678616243,2,0.9723205069616594
4744,1678014037,4,0.9454071682581783
4743,1677805165,17,0.7877352614401208
4742,1677049227,0,1.0
4740,1671363647,16,0.7988689904060046
4738,1669926494,7,0.9064274707386204
4737,1669012385,2,0.9723205069616594
4736,1665308172,0,1.0
4735,1664593644,40,0.5704123355206817
4734,1664502633,0,1.0
4733,1664192461,0,1.0
4732,1663770785,1,0.9860631353831556
4731,1661807881,0,1.0
4729,1659823987,3,0.9587694076919532
4728,1659603617,2,0.9723205069616594
4727,1658924819,46,0.5243451377616051
4726,1658857178,3,0.9587694076919532
4724,1657836265,31,0.647211766601868
4723,1657320094,0,1.0
4722,1655921994,8,0.8937947137939475
4721,1655600536,160,0.10586578820631777
4720,1655557017,159,0.10736207896584776
4719,1655313776,0,1.0
4718,1653723697,0,1.0
4716,1651042071,3,0.9587694076919532
4714,1650500306,34,0.6205268421161356
4713,1648841980,0,1.0
4709,1646754740,0,1.0
4708,1646633939,160,0.10586578820631777
4706,1643760773,0,1.0
4705,1643455775,0,1.0
4704,1642371622,0,1.0
4703,1640861137,66,0.3960150578227051
4702,1640553491,2,0.9723205069616594
4701,1640072314,9,0.8813380178725501
4699,1637142845,0,1.0
4698,1637088924,0,1.0
4696,1633496098,0,1.0
4695,1630819433,9,0.8813380178725501
4694,1626268686,0,1.0
4692,1625036987,0,1.0
4691,1624053305,6,0.9192387771259788
4689,1623949169,1,0.9860631353831556
4688,1623508631,69,0.3796871224257695
4687,1623494967,76,0.3441588380524152
4685,1622467797,175,0.08576823563133655
4684,1621310061,0,1.0
4683,1621271832,1,0.9860631353831556
4682,1620330369,1,0.9860631353831556
4681,1620224205,1,0.9860631353831556
4680,1620223756,1,0.9860631353831556
4679,1619077425,0,1.0
4678,1619003177,25,0.7040736125442733
4677,1614601663,28,0.6750442404706066
4676,1613777283,3,0.9587694076919532
4675,1613694771,0,1.0
4673,1611100393,7,0.9064274707386204
4672,1611078337,0,1.0
4671,1611040840,0,1.0
4670,1609324383,17,0.7877352614401208
4669,1606811666,3,0.9587694076919532
4668,1604982752,4,0.9454071682581783
4667,1603524059,198,0.062106220191944145
4666,1599753572,3,0.9587694076919532
4664,1597080987,78,0.33463269589045996
4663,1594569504,6,0.9192387771259788
4661,1588577672,46,0.5243451377616051
4660,1585915263,46,0.5243451377616051
4658,1585243809,1,0.9860631353831556
4656,1583056261,0,1.0
4655,1581185142,1,0.9860631353831556
4652,1578122463,0,1.0
4650,1573961223,0,1.0
4649,1573949327,0,1.0
4648,1573146381,1,0.9860631353831556
4647,1573108603,1,0.9860631353831556
4646,1572170514,0,1.0
4644,1571599734,1,0.9860631353831556
4643,1571444717,8,0.8937947137939475
4641,1571287267,1,0.9860631353831556
4638,1570816447,2,0.9723205069616594
4637,1569780658,3,0.9587694076919532
4636,1568846644,0,1.0
4635,1568674113,0,1.0
4634,1568161755,0,1.0
4631,1566552262,12,0.8449999293720649
4629,1565960935,45,0.5317561512507611
4627,1565274516,46,0.5243451377616051
4626,1564839412,2,0.9723205069616594
4625,1562514406,0,1.0
4623,1560091234,33,0.6292972730138794
4622,1558143330,6,0.9192387771259788
4619,1554838344,9,0.8813380178725501
4618,1551769718,0,1.0
4616,1549424161,2,0.9723205069616594
4615,1549082420,3,0.9587694076919532
4614,1548223674,92,0.27493782349423657
4613,1538260504,67,0.39049584957559824
4612,1538085659,68,0.3850535617866235
4611,1538043567,23,0.7241167984252299
4610,1538033600,23,0.7241167984252299
4609,1537867232,119,0.18821836815265555
4608,1536819648,21,0.7447305628552204
4607,1534872616,44,0.5392719108641416
4606,1534587521,1,0.9860631353831556
4605,1533967110,2,0.9723205069616594
4604,1533899319,0,1.0
4603,1533429675,0,1.0
4602,1533345772,0,1.0
4601,1533229534,0,1.0
4600,1533224076,0,1.0
4599,1533219794,1,0.9860631353831556
4598,1533207047,0,1.0
4597,1532671538,1,0.9860631353831556
4596,1532376638,0,1.0
4594,1531674108,31,0.647211766601868
4593,1530767779,1,0.9860631353831556
4592,1530766569,0,1.0
4591,1527560130,5,0.9322311565463698
4589,1525279976,0,1.0
4587,1522789831,0,1.0
4586,1522466439,0,1.0
4584,1517787345,40,0.5704123355206817
4583,1517669808,90,0.2827646043930223
4582,1516922687,12,0.8449999293720649
4580,1515220124,14,0.8216107597096125
4578,1511446275,19,0.7659311487550337
4576,1510151780,93,0.2711060522701475
4575,1510150000,93,0.2711060522701475
4573,1508849293,7,0.9064274707386204
4571,1506160045,79,0.32996896531146497
4570,1503245397,163,0.10150087905341305
4569,1503234611,57,0.4493339102500542
4568,1503225009,81,0.3208355916332578
4567,1503218509,50,0.4957196518811434
4566,1502436140,0,1.0
4563,1496731175,0,1.0
4562,1490499503,123,0.1779429944493774
4561,1490067495,106,0.225891874034007
4559,1485924253,2,0.9723205069616594
4558,1483671734,2,0.9723205069616594
4557,1481424959,13,0.8332232797551633
4556,1478483506,85,0.3033202681624355
4554,1476117309,5,0.9322311565463698
4552,1472388860,38,0.5866505246332054
4551,1472388855,38,0.5866505246332054
4549,1467070969,11,0.8569430283424219
4547,1464532362,74,0.3539561652647383
4546,1464178432,179,0.08108590477472206
4543,1461586179,53,0.47528083701534507
4542,1458800129,108,0.21963930147926505
4541,1458793969,0,1.0
4540,1458215879,3,0.9587694076919532
4538,1454698491,112,0.20764857004971626
4536,1449468136,118,0.19087861760445934
4535,1446862518,3,0.9587694076919532
4534,1446862229,1,0.9860631353831556
4533,1446405122,0,1.0
4532,1445372296,119,0.18821836815265555
4531,1443126890,2,0.9723205069616594
4530,1439523910,4,0.9454071682581783
4529,1436631413,3,0.9587694076919532
4528,1434974868,64,0.4072885997850509
4527,1434897950,17,0.7877352614401208
4526,1433042588,1,0.9860631353831556
4525,1429929274,0,1.0
4524,1429888764,300,0.01483941622123996
4523,1428745818,0,1.0
4522,1427128043,82,0.31636414942839997
4521,1427104832,0,1.0
4520,1427066989,0,1.0
4519,1427059550,0,1.0
4518,1426832199,0,1.0
4517,1425264561,1,0.9860631353831556
4516,1424167138,1,0.9860631353831556
4515,1416952503,7,0.9064274707386204
4513,1415948439,6,0.9192387771259788
4512,1412098945,0,1.0
4511,1411664576,0,1.0
4510,1411597891,115,0.19908709651464754
4509,1411470229,0,1.0
4508,1407614279,0,1.0
4507,1406357293,0,1.0
4506,1404080929,0,1.0
4505,1403967590,0,1.0
4504,1403967551,0,1.0
4503,1403441276,99,0.24921119596026206
4502,1403055111,0,1.0
4501,1401918600,338,0.008705551311440924
4500,1401917337,0,1.0
4499,1401188399,0,1.0
4498,1400182750,0,1.0
4497,1399364034,5,0.9322311565463698
4496,1397210284,6,0.9192387771259788
4495,1395709127,319,0.011365971113188404
4494,1395481642,7,0.9064274707386204
4493,1395446781,0,1.0
4492,1394306180,1,0.9860631353831556
4491,1392599625,9,0.8813380178725501
4490,1392590791,9,0.8813380178725501
4489,1390685450,0,1.0
4488,1390651524,0,1.0
4487,1390639552,0,1.0
4485,1388846398,0,1.0
4484,1388518396,0,1.0
4483,1388507118,0,1.0
4482,1388392139,0,1.0
4481,1388378074,0,1.0
4480,1387795664,0,1.0
4479,1387629741,0,1.0
4477,1385187592,3,0.9587694076919532
4476,1383820512,3,0.9587694076919532
4474,1382047671,5,0.9322311565463698
4473,1380704117,0,1.0
4471,1379908219,0,1.0
4470,1379190524,0,1.0
4469,1379003919,0,1.0
4468,1378785942,8,0.8937947137939475
4465,1377112741,0,1.0
4464,1377111665,0,1.0
4463,1377090138,2,0.9723205069616594
4462,1377085830,2,0.9723205069616594
4461,1376982569,0,1.0
4458,1372667049,0,1.0
4457,1372435406,6,0.9192387771259788
4456,1366412149,11,0.8569430283424219
4455,1365092943,8,0.8937947137939475
4454,1364365450,14,0.8216107597096125
4453,1364120796,3,0.9587694076919532
4452,1361757407,22,0.7343513538246809
4451,1361567551,3,0.9587694076919532
4450,1360090095,0,1.0
4449,1360005442,5,0.9322311565463698
4448,1356982861,16,0.7988689904060046
4447,1356543862,0,1.0
4446,1353484650,256,0.027517502622120524
4445,1349205757,261,0.025652673294687175
4444,1347446099,36,0.6033509737096785
4443,1347329738,9,0.8813380178725501
4442,1345926795,0,1.0
4441,1344595990,29,0.6656362402807872
4440,1344528438,3,0.9587694076919532
4438,1341473874,35,0.6118786435264449
4437,1340696976,2,0.9723205069616594
4436,1340678782,0,1.0
4435,1340555350,0,1.0
4434,1340514104,43,0.5468938970673477
4433,1340501451,43,0.5468938970673477
4432,1338897612,387,0.0043765076602970705
4431,1338881097,0,1.0
4430,1337245888,4,0.9454071682581783
4429,1336868939,4,0.9454071682581783
4427,1334590382,0,1.0
4425,1331072667,0,1.0
4424,1330995831,2,0.9723205069616594
4423,1330028999,4,0.9454071682581783
4422,1329605678,4,0.9454071682581783
4421,1326648013,6,0.9192387771259788
4420,1322951119,157,0.11041840442236117
4418,1316679759,15,0.810160081783797
4417,1314801889,24,0.7140248806387947
4416,1313686273,8,0.8937947137939475
4415,1312920952,0,1.0
4414,1311154967,6,0.9192387771259788
4413,1309391946,0,1.0
4412,1309079340,0,1.0
4411,1307857719,0,1.0
4410,1306834971,2,0.9723205069616594
4408,1304939765,0,1.0
4407,1304931345,31,0.647211766601868
4406,1304890643,0,1.0
4405,1304828796,0,1.0
4404,1304553859,0,1.0
4402,1303515935,0,1.0
4401,1302477625,0,1.0
4400,1301905398,51,0.48881087420496666
4399,1301704572,2,0.9723205069616594
4398,1301655946,2,0.9723205069616594
4397,1301506658,0,1.0
4396,1301426521,2,0.9723205069616594
4394,1300760095,0,1.0
4393,1300175415,0,1.0
4391,1294504761,66,0.3960150578227051
4390,1294282426,105,0.22908459502061398
4389,1293948158,1,0.9860631353831556
4388,1293448993,0,1.0
4387,1293241871,0,1.0
4386,1292163717,0,1.0
4385,1291556362,423,0.002640570158288103
4384,1287379171,0,1.0
4383,1285354446,3,0.9587694076919532
4382,1284943308,9,0.8813380178725501
4381,1282356714,7,0.9064274707386204
4380,1281214680,6,0.9192387771259788
4379,1280125848,0,1.0
4378,1279852156,5,0.9322311565463698
4377,1278297042,23,0.7241167984252299
4376,1278152474,0,1.0
4375,1277079240,434,0.002262818187994036
4374,1276899785,449,0.001833244968247111
4373,1276881291,10,0.8690549292357823
4372,1276826311,2,0.9723205069616594
4371,1274943445,5,0.9322311565463698
4370,1274643793,2,0.9723205069616594
4368,1273320448,13,0.8332232797551633
4367,1273144612,0,1.0
4366,1271782924,26,0.6942610339259512
4364,1267202458,64,0.4072885997850509
4363,1266189743,7,0.9064274707386204
4361,1265562342,7,0.9064274707386204
4359,1263455747,0,1.0
4358,1263387635,0,1.0
4357,1261507793,1,0.9860631353831556
4356,1259613124,0,1.0
4355,1259480556,3,0.9587694076919532
4354,1253985763,75,0.34902312610914615
4353,1253983471,1,0.9860631353831556
4352,1253942062,0,1.0
4351,1252820643,20,0.7552564700290105
4350,1252558188,3,0.9587694076919532
4349,1252540881,2,0.9723205069616594
4348,1251550492,122,0.18045801335046754
4346,1245410614,27,0.6845852118873748
4345,1240078119,46,0.5243451377616051
4342,1231551100,12,0.8449999293720649
4341,1231423885,100,0.24573797326116203
4340,1230646959,0,1.0
4337,1229499405,0,1.0
4336,1227975814,0,1.0
4335,1227778913,104,0.2323224414343391
4334,1226435484,0,1.0
4333,1222687139,3,0.9587694076919532
4331,1221549470,5,0.9322311565463698
4329,1220720439,6,0.9192387771259788
4327,1220285436,207,0.0547365730015242
4326,1218354754,8,0.8937947137939475
4325,1216835691,9,0.8813380178725501
4324,1216486957,0,1.0
4323,1216214014,10,0.8690549292357823
4322,1214803793,10,0.8690549292357823
4321,1211787379,17,0.7877352614401208
4320,1211314171,0,1.0
4319,1209196990,330,0.009739989705788162
4318,1207027984,3,0.9587694076919532
4317,1206859285,63,0.41304515417949417
4316,1203371482,0,1.0
4315,1203240686,23,0.7241167984252299
4314,1203067073,23,0.7241167984252299
4313,1202863336,57,0.4493339102500542
4312,1202018034,93,0.2711060522701475
4311,1201120449,1,0.9860631353831556
4310,1201056121,0,1.0
4309,1199355767,2,0.9723205069616594
4308,1199159766,28,0.6750442404706066
4307,1196800886,4,0.9454071682581783
4306,1196347278,1,0.9860631353831556
4305,1196194792,0,1.0
4303,1195928767,62,0.41888307082791076
4302,1195887245,520,0.0006767929324254244
4301,1194318947,0,1.0
4300,1194091263,1,0.9860631353831556
4299,1193982988,7,0.9064274707386204
4298,1193048065,0,1.0
4297,1192716682,2,0.9723205069616594
4296,1191218316,3,0.9587694076919532
4295,1189772420,0,1.0
4293,1187796627,7,0.9064274707386204
4292,1179876625,52,0.48199838322793065
4291,1179374011,4,0.9454071682581783
4290,1178027114,0,1.0
4289,1177997083,5,0.9322311565463698
4288,1175395125,0,1.0
4287,1175155622,0,1.0
4286,1174767541,73,0.3589589272366431
4285,1174553253,91,0.2788237523831612
4284,1173557224,0,1.0
4283,1172906962,3,0.9587694076919532
4282,1172819944,0,1.0
4281,1172358607,42,0.5546236112506535
4280,1170979220,0,1.0
4279,1170023204,0,1.0
4278,1169821099,0,1.0
4275,1169079912,0,1.0
4274,1168824098,1,0.9860631353831556
4273,1168703854,6,0.9192387771259788
4272,1168626068,1,0.9860631353831556
4271,1167646491,7,0.9064274707386204
4270,1167518719,0,1.0
4269,1167509284,0,1.0
4268,1166207816,0,1.0
4267,1165276545,0,1.0
4266,1165197020,0,1.0
4265,1164309002,8,0.8937947137939475
4264,1164306299,8,0.8937947137939475
4263,1163185889,2,0.9723205069616594
4262,1163097779,86,0.29909293464951076
4261,1163020012,1,0.9860631353831556
4260,1162654904,13,0.8332232797551633
4259,1162654222,14,0.8216107597096125
4258,1162514055,550,0.0004442193747041487
4257,1162286875,14,0.8216107597096125
4256,1161174106,1,0.9860631353831556
4255,1160654504,4,0.9454071682581783
4254,1160381066,0,1.0
4253,1160054413,6,0.9192387771259788
4251,1159963141,0,1.0
4250,1159570412,0,1.0
4249,1159485172,0,1.0
4248,1156952655,126,0.1706062993911621
4247,1156327416,42,0.5546236112506535
4246,1155755776,2,0.9723205069616594
4245,1154840239,33,0.6292972730138794
4243,1149420855,22,0.7343513538246809
4242,1148265753,9,0.8813380178725501
4241,1147208248,0,1.0
4240,1145169275,0,1.0
4239,1145168302,0,1.0
4238,1142269731,13,0.8332232797551633
4236,1140018241,0,1.0
4235,1139789328,34,0.6205268421161356
4234,1139037342,359,0.0064832901281344
4233,1138958200,0,1.0
4232,1138902699,0,1.0
4231,1137054971,2,0.9723205069616594
4230,1135953948,16,0.7988689904060046
4229,1135926867,16,0.7988689904060046
4228,1133765032,1,0.9860631353831556
4227,1133752106,0,1.0
4226,1133741817,4,0.9454071682581783
4225,1132465232,0,1.0
4224,1130588297,0,1.0
4223,1130473149,19,0.7659311487550337
4222,1130411699,0,1.0
4221,1128540782,1,0.9860631353831556
4219,1125479200,1,0.9860631353831556
4218,1125067939,0,1.0
4217,1123877951,4,0.9454071682581783
4216,1123785504,4,0.9454071682581783
4215,1121810029,8,0.8937947137939475
4214,1121615377,8,0.8937947137939475
4213,1119847417,0,1.0
4212,1119770371,0,1.0
4211,1119344251,0,1.0
4210,1118587633,407,0.0033053857265708895
4209,1118098765,2,0.9723205069616594
4208,1117490956,1,0.9860631353831556
4207,1117120885,18,0.7767567017475153
4206,1117077247,0,1.0
4205,1116207099,231,0.03908327500398998
4204,1112361856,102,0.23893607074102377
4203,1111996976,10,0.8690549292357823
4202,1110743329,10,0.8690549292357823
4201,1110715603,0,1.0
4200,1110576919,43,0.5468938970673477
4199,1110543021,0,1.0
4198,1110318222,3,0.9587694076919532
4197,1110261575,5,0.9322311565463698
4196,1110060716,0,1.0
4195,1109229625,6,0.9192387771259788
4194,1109029611,3,0.9587694076919532
4193,1108422784,1,0.9860631353831556
4192,1108395357,0,1.0
4191,1108017892,0,1.0
4189,1106365574,1,0.9860631353831556
4188,1106316449,10,0.8690549292357823
4187,1105744934,0,1.0
4186,1103877160,50,0.4957196518811434
4185,1103641303,0,1.0
4184,1103303563,0,1.0
4183,1098799416,6,0.9192387771259788
4182,1098309047,0,1.0
4181,1097838079,17,0.7877352614401208
4180,1095026907,0,1.0
4178,1092662492,0,1.0
4177,1090145513,24,0.7140248806387947
4176,1089026785,28,0.6750442404706066
4175,1087495667,134,0.15248700853576824
4174,1087117378,27,0.6845852118873748
4172,1082832705,33,0.6292972730138794
4171,1081307138,0,1.0
4169,1080507906,5,0.9322311565463698
4168,1079529915,0,1.0
4167,1079409786,43,0.5468938970673477
4166,1079113156,35,0.6118786435264449
4165,1074367329,42,0.5546236112506535
4163,1072846963,51,0.48881087420496666
4162,1071551152,43,0.5468938970673477
4161,1071194978,46,0.5243451377616051
4160,1070655735,69,0.3796871224257695
4159,1069559136,0,1.0
4158,1068321625,55,0.4621253043959222
4157,1068193922,2,0.9723205069616594
4156,1067559155,1,0.9860631353831556
4155,1066763961,2,0.9723205069616594
4154,1066542365,2,0.9723205069616594
4153,1065385558,2,0.9723205069616594
4152,1065288191,1,0.9860631353831556
4151,1064307023,1,0.9860631353831556
4150,1062664308,0,1.0
4149,1057867939,122,0.18045801335046754
4148,1057860375,118,0.19087861760445934
4147,1057461593,8,0.8937947137939475
4146,1056915119,9,0.8813380178725501
4145,1054195636,7,0.9064274707386204
4144,1052694828,16,0.7988689904060046
4143,1052535480,74,0.3539561652647383
4142,1050960863,0,1.0
4141,1049481405,456,0.001661703599812531
4139,1046143193,1,0.9860631353831556
4138,1045660413,5,0.9322311565463698
4137,1045020813,24,0.7140248806387947
4136,1044986369,68,0.3850535617866235
4135,1044897539,26,0.6942610339259512
4134,1044884102,0,1.0
4133,1044579535,6,0.9192387771259788
4132,1043319974,30,0.6563593581159285
4131,1043146349,0,1.0
4129,1038174811,32,0.638191663832309
4128,1037555232,1,0.9860631353831556
4127,1034842545,0,1.0
4126,1033579053,19,0.7659311487550337
4125,1032543477,38,0.5866505246332054
4124,1031858922,55,0.4621253043959222
4123,1030380736,0,1.0
4122,1029757918,1,0.9860631353831556
4121,1026176499,0,1.0
4120,1026149484,0,1.0
4119,1025287300,0,1.0
4118,1025281946,0,1.0
4116,1021124880,6,0.9192387771259788
4115,1020827799,101,0.24231315639660345
4114,1019996161,0,1.0
4113,1016132245,0,1.0
4112,1016131986,5,0.9322311565463698
4111,1016114363,37,0.5949421528726455
4110,1016037575,0,1.0
4108,1014946501,43,0.5468938970673477
4107,1014936392,0,1.0
4106,1014840959,0,1.0
4105,1014073419,0,1.0
4104,1013783820,45,0.5317561512507611
4103,1013745566,695,5.804733570188703e-05
4102,1013739119,0,1.0
4100,1010650323,0,1.0
4099,1009981957,1,0.9860631353831556
4098,1009808636,46,0.5243451377616051
4097,1007344356,24,0.7140248806387947
4096,1006417734,285,0.01831664698730501
4095,1004016512,50,0.4957196518811434
4094,1001040854,1,0.9860631353831556
4093,1001015138,44,0.5392719108641416
4091,1000073904,1,0.9860631353831556
4090,999692429,2,0.9723205069616594
4089,998719117,565,0.00035988880494026016
4088,996684487,134,0.15248700853576824
4087,995561414,58,0.44307160437514187
4086,995500154,6,0.9192387771259788
4085,994872843,6,0.9192387771259788
4084,993294760,180,0.07995582149754242
4083,991744222,21,0.7447305628552204
4082,991004914,12,0.8449999293720649
4081,989904025,0,1.0
4080,989785515,0,1.0
4079,989349307,139,0.1421531403255954
4078,989335397,58,0.44307160437514187
4077,989198477,0,1.0
4076,985812005,0,1.0
4075,985252903,0,1.0
4074,985105278,89,0.2867611557987595
4073,985042941,0,1.0
4072,982091215,0,1.0
4071,981585881,0,1.0
4070,980747610,0,1.0
4067,979513845,13,0.8332232797551633
4066,978685642,19,0.7659311487550337
4065,975743936,42,0.5546236112506535
4064,975541849,2,0.9723205069616594
4063,973298101,9,0.8813380178725501
4062,973069536,10,0.8690549292357823
4061,971554721,0,1.0
4060,969860784,2,0.9723205069616594
4059,967851019,4,0.9454071682581783
4058,964771516,2,0.9723205069616594
4057,963565272,4,0.9454071682581783
4056,963560846,4,0.9454071682581783
4055,963403079,7,0.9064274707386204
4053,962469486,75,0.34902312610914615
4052,960982605,192,0.06756266351830878
4051,960083451,175,0.08576823563133655
4050,956943075,2,0.9723205069616594
4048,954919876,27,0.6845852118873748
4047,954011309,19,0.7659311487550337
4046,953767327,0,1.0
4045,952476088,29,0.6656362402807872
4044,952165365,22,0.7343513538246809
4043,949400161,560,0.0003860510372486772
4041,948227399,6,0.9192387771259788
4040,947538257,490,0.0010311316873246844
4039,945293484,118,0.19087861760445934
4037,938883552,1,0.9860631353831556
4036,938547309,0,1.0
4035,937289123,0,1.0
4034,936900701,0,1.0
4033,935587563,5,0.9322311565463698
4032,935323114,0,1.0
4031,934692739,0,1.0
4030,933946374,0,1.0
4029,933883119,0,1.0
4027,933164482,0,1.0
4026,933017405,0,1.0
4024,930951575,8,0.8937947137939475
4022,929189239,3,0.9587694076919532
4021,929127912,0,1.0
4020,926382651,209,0.053221492410185874
4019,926234159,0,1.0
4018,926086056,0,1.0
4016,924037076,1,0.9860631353831556
4015,923855354,571,0.0003308237449546144
4014,922740286,2,0.9723205069616594
4013,917567713,8,0.8937947137939475
4012,917558326,8,0.8937947137939475
4011,917467852,0,1.0
4010,917418378,9,0.8813380178725501
4009,916512477,10,0.8690549292357823
4008,916115435,26,0.6942610339259512
4007,915804542,14,0.8216107597096125
4006,915798963,12,0.8449999293720649
4005,915496961,1,0.9860631353831556
4004,915049838,13,0.8332232797551633
4003,914841396,11,0.8569430283424219
4002,914796990,0,1.0
4001,911505868,0,1.0
4000,911421577,0,1.0
3999,911329154,750,2.682514268060684e-05
3998,911194318,31,0.647211766601868
3996,909888588,27,0.6845852118873748
3995,909497457,0,1.0
3994,909341541,19,0.7659311487550337
3992,906437468,37,0.5949421528726455
3991,906415176,9,0.8813380178725501
3990,904784891,2,0.9723205069616594
3988,904469835,167,0.09595965864160308
3987,903005833,615,0.00017840395310090654
3986,902892931,39,0.5784744556939917
3985,902479541,27,0.6845852118873748
3984,900660564,41,0.562462576024752
3983,900439692,15,0.810160081783797
3982,899068024,0,1.0
3981,898224299,16,0.7988689904060046
3980,897999785,68,0.3850535617866235
3979,896820822,103,0.2356060510710253
3978,896595596,0,1.0
3976,896275151,175,0.08576823563133655
3975,896118514,5,0.9322311565463698
3973,895323752,33,0.6292972730138794
3970,890984519,3,0.9587694076919532
3969,890361150,4,0.9454071682581783
3968,889646825,7,0.9064274707386204
3967,889646778,7,0.9064274707386204
3966,889613065,0,1.0
3965,888278737,7,0.9064274707386204
3964,886733034,5,0.9322311565463698
3963,885632223,3,0.9587694076919532
3962,882025155,2,0.9723205069616594
3958,875497467,0,1.0
3957,875143832,15,0.810160081783797
3956,874253851,1,0.9860631353831556
3954,870989682,0,1.0
3953,870685276,6,0.9192387771259788
3952,869277672,126,0.1706062993911621
3951,868813817,8,0.8937947137939475
3950,868215601,654,0.00010320212966370324
3949,868084828,62,0.41888307082791076
3948,867680401,0,1.0
3946,865909958,69,0.3796871224257695
3945,865784147,26,0.6942610339259512
3944,865156061,273,0.021676507122215322
3943,864748163,13,0.8332232797551633
3942,863831328,771,1.9977503607199923e-05
3941,863507935,14,0.8216107597096125
3940,863487617,13,0.8332232797551633
3939,861016565,1,0.9860631353831556
3936,858042832,0,1.0
3935,857562346,5,0.9322311565463698
3934,856031983,68,0.3850535617866235
3932,855337613,24,0.7140248806387947
3931,855331264,23,0.7241167984252299
3930,855292113,1,0.9860631353831556
3929,854560384,26,0.6942610339259512
3927,853337658,0,1.0
3926,852824373,0,1.0
3925,852814178,77,0.3393623429197882
3924,852297062,1,0.9860631353831556
3922,851168751,62,0.41888307082791076
3921,851037448,6,0.9192387771259788
3920,851037393,6,0.9192387771259788
3919,850279414,3,0.9587694076919532
3916,848581338,231,0.03908327500398998
3915,846886292,0,1.0
3913,844511815,1,0.9860631353831556
3912,843304459,0,1.0
3911,843007915,0,1.0
3910,842594246,94,0.26732768392285133
3909,842080313,95,0.263601974183684
3908,842055259,3,0.9587694076919532
3907,840865893,1,0.9860631353831556
3906,840685791,1,0.9860631353831556
3905,839819688,6,0.9192387771259788
3904,839541163,2,0.9723205069616594
3903,839213935,5,0.9322311565463698
3902,839110433,809,1.1719812972025591e-05
3901,838691637,7,0.9064274707386204
3900,837241750,0,1.0
3899,836075579,7,0.9064274707386204
3897,835405786,11,0.8569430283424219
3896,834980806,0,1.0
3895,834445845,12,0.8449999293720649
3894,834385505,0,1.0
3893,833741571,14,0.8216107597096125
3892,833441253,20,0.7552564700290105
3890,832189177,83,0.3119550251081932
3889,831922588,16,0.7988689904060046
3888,831634472,1,0.9860631353831556
3887,831601222,1,0.9860631353831556
3886,831427972,0,1.0
3885,831114113,0,1.0
3884,830738495,107,0.2227436495675498
3883,829838237,0,1.0
3882,829315326,17,0.7877352614401208
3880,827204475,6,0.9192387771259788
3879,826027814,813,1.1079995194398173e-05
3878,825663684,0,1.0
3876,824450651,0,1.0
3875,823403077,1,0.9860631353831556
3873,823151109,0,1.0
3872,822328972,4,0.9454071682581783
3870,820207359,1,0.9860631353831556
3868,817858057,3,0.9587694076919532
3867,817504114,0,1.0
3866,817457184,4,0.9454071682581783
3863,814248395,0,1.0
3862,813376424,428,0.0024616217726027498
3861,812056144,0,1.0
3860,811942876,136,0.14826624544456504
3859,811446483,3,0.9587694076919532
3858,811258189,0,1.0
3857,810393019,2,0.9723205069616594
3856,808891531,0,1.0
3855,808518487,4,0.9454071682581783
3854,807962780,4,0.9454071682581783
3853,807719918,3,0.9587694076919532
3852,807128848,0,1.0
3851,806467615,0,1.0
3850,806139169,10,0.8690549292357823
3849,805767124,791,1.5088138854365626e-05
3848,805256351,1,0.9860631353831556
3847,803508232,11,0.8569430283424219
3844,801006237,0,1.0
3843,799860895,29,0.6656362402807872
3842,797802658,0,1.0
3841,797140434,20,0.7552564700290105
3840,795795865,0,1.0
3839,794736480,9,0.8813380178725501
3838,793981152,76,0.3441588380524152
3837,793373454,592,0.0002463745537859223
3836,793100639,11,0.8569430283424219
3835,791747462,4,0.9454071682581783
3834,790820478,8,0.8937947137939475
3833,790313528,8,0.8937947137939475
3832,789841251,13,0.8332232797551633
3831,789344624,30,0.6563593581159285
3830,788972784,14,0.8216107597096125
3829,788466505,24,0.7140248806387947
3828,788290061,44,0.5392719108641416
3827,788140664,421,0.0027157404779412178
3826,786826320,2,0.9723205069616594
3825,786790978,0,1.0
3824,783683514,39,0.5784744556939917
3823,783372063,0,1.0
3822,783245043,2,0.9723205069616594
3821,783179207,40,0.5704123355206817
3820,782734075,41,0.562462576024752
3819,781945611,0,1.0
3818,781461027,176,0.08457289534291698
3817,780118780,62,0.41888307082791076
3816,778633203,0,1.0
3815,778257656,0,1.0
3814,775921972,6,0.9192387771259788
3813,774984336,35,0.6118786435264449
3812,774977764,0,1.0
3811,773508910,12,0.8449999293720649
3810,773137342,12,0.8449999293720649
3809,772872998,0,1.0
3808,772762863,24,0.7140248806387947
3807,772682630,7,0.9064274707386204
3806,771946557,8,0.8937947137939475
3805,771625525,37,0.5949421528726455
3804,771212395,0,1.0
3803,770618659,3,0.9587694076919532
3802,769892771,77,0.3393623429197882
3801,769572376,18,0.7767567017475153
3800,768373066,67,0.39049584957559824
3798,765464695,191,0.06851758380771013
3797,764643838,44,0.5392719108641416
3796,761098401,83,0.3119550251081932
3795,760064059,12,0.8449999293720649
3794,760049283,51,0.48881087420496666
3793,759133886,0,1.0
3792,758567284,0,1.0
3791,758483707,10,0.8690549292357823
3790,758274225,0,1.0
3789,756860506,3,0.9587694076919532
3788,756390908,78,0.33463269589045996
3787,755928324,0,1.0
3786,753556248,0,1.0
3785,753027839,35,0.6118786435264449
3784,753024508,0,1.0
3783,753023576,78,0.33463269589045996
3782,752133596,0,1.0
3781,751455104,0,1.0
3780,749938931,308,0.01326339177433243
3779,749624150,0,1.0
3778,749624122,0,1.0
3777,749522404,0,1.0
3776,748828459,0,1.0
3775,748730525,0,1.0
3774,748699253,2,0.9723205069616594
3773,748612864,1,0.9860631353831556
3772,748360889,6,0.9192387771259788
3771,746696052,3,0.9587694076919532
3770,746489782,46,0.5243451377616051
3769,746448836,0,1.0
3768,745992821,0,1.0
3767,745800197,0,1.0
3766,745322200,95,0.263601974183684
3765,744669437,0,1.0
3764,744439337,7,0.9064274707386204
3763,743946331,0,1.0
3762,743668393,106,0.225891874034007
3760,741483155,101,0.24231315639660345
3759,740722343,4,0.9454071682581783
3758,736758002,0,1.0
3757,736214691,0,1.0
3756,736195369,0,1.0
3755,736063908,21,0.7447305628552204
3754,736042707,0,1.0
3753,735613742,89,0.2867611557987595
3752,735080078,13,0.8332232797551633
3751,734631336,0,1.0
3750,734011609,92,0.27493782349423657
3749,733519645,104,0.2323224414343391
3748,733450979,25,0.7040736125442733
3747,733011145,0,1.0
3746,732988469,0,1.0
3745,731974279,31,0.647211766601868
3744,731406111,1,0.9860631353831556
3743,731342413,32,0.638191663832309
3742,730264121,117,0.19357646661264688
3741,729673811,118,0.19087861760445934
3740,729642841,0,1.0
3739,729518741,4,0.9454071682581783
3738,729136391,4,0.9454071682581783
3736,727771323,7,0.9064274707386204
3735,727761081,7,0.9064274707386204
3734,727293088,5,0.9322311565463698
3733,726360033,14,0.8216107597096125
3732,726357309,0,1.0
3731,726282063,8,0.8937947137939475
3730,726270213,6,0.9192387771259788
3729,725909897,9,0.8813380178725501
3728,725909532,6,0.9192387771259788
3727,725782774,29,0.6656362402807872
3726,725749183,138,0.1441623109359613
3724,724862423,36,0.6033509737096785
3722,724394736,11,0.8569430283424219
3721,724282516,57,0.4493339102500542
3720,724080444,1,0.9860631353831556
3719,723155936,2,0.9723205069616594
3718,722902523,27,0.6845852118873748
3717,722288954,958,1.4478526540020356e-06
3716,719619539,1,0.9860631353831556
3715,719349444,132,0.15682792602232043
3714,719348360,132,0.15682792602232043
3713,719344062,10,0.8690549292357823
3712,719329622,8,0.8937947137939475
3711,718020919,0,1.0
3710,717984448,16,0.7988689904060046
3709,717139485,4,0.9454071682581783
3708,717139003,11,0.8569430283424219
3707,717024132,0,1.0
3706,717019049,523,0.0006488883589516246
3705,716875487,13,0.8332232797551633
3704,716819811,0,1.0
3703,716783373,6,0.9192387771259788
3702,715124101,1,0.9860631353831556
3701,715121275,8,0.8937947137939475
3700,714944686,149,0.12353888730630454
3699,714818306,20,0.7552564700290105
3698,714764379,2,0.9723205069616594
3697,714660305,24,0.7140248806387947
3696,714353022,4,0.9454071682581783
3695,714342587,3,0.9587694076919532
3694,713828755,12,0.8449999293720649
3693,712692877,7,0.9064274707386204
3692,712669852,14,0.8216107597096125
3691,712371640,4,0.9454071682581783
3690,711782575,145,0.130672678877518
3689,711773800,22,0.7343513538246809
3688,711368054,0,1.0
3687,710944756,20,0.7552564700290105
3686,710865497,0,1.0
3685,710373739,17,0.7877352614401208
3684,709599767,18,0.7767567017475153
3683,708078194,160,0.10586578820631777
3682,707483419,4,0.9454071682581783
3681,707392530,2,0.9723205069616594
3680,707387667,6,0.9192387771259788
3679,706184242,22,0.7343513538246809
3677,705070007,0,1.0
3675,703536161,10,0.8690549292357823
3672,702759074,60,0.43080760698635373
3671,701978427,34,0.6205268421161356
3670,701926164,169,0.0933035439382713
3668,700936315,165,0.09869138617826868
3664,699352618,4,0.9454071682581783
3663,699174725,168,0.09462228187043648
3662,699075635,4,0.9454071682581783
3661,698892549,735,3.311091632846643e-05
3660,697832963,7,0.9064274707386204
3658,697415478,0,1.0
3657,696881812,0,1.0
3656,696500026,20,0.7552564700290105
3655,695823677,0,1.0
3654,695549437,1,0.9860631353831556
3653,694348335,38,0.5866505246332054
3652,694058146,556,0.00040834367477870863
3651,691924340,87,0.29492451691144583
3650,691386775,0,1.0
3649,691126020,14,0.8216107597096125
3648,690669948,61,0.4248034996918782
3647,690361462,0,1.0
3646,689954257,178,0.08223196047504042
3645,688773022,0,1.0
3643,687121463,0,1.0
3642,686535713,1,0.9860631353831556
3641,685977688,1,0.9860631353831556
3639,684415873,1,0.9860631353831556
3638,683320535,3,0.9587694076919532
3637,683017216,10,0.8690549292357823
3636,683007083,11,0.8569430283424219
3635,682810500,8,0.8937947137939475
3634,681895560,8,0.8937947137939475
3633,681046024,1,0.9860631353831556
3632,677669354,7,0.9064274707386204
3631,677358344,8,0.8937947137939475
3630,675526768,11,0.8569430283424219
3629,673548621,14,0.8216107597096125
3628,673542949,0,1.0
3627,673523232,0,1.0
3626,673504199,1,0.9860631353831556
3624,669136313,117,0.19357646661264688
3623,668901045,0,1.0
3622,668629775,118,0.19087861760445934
3621,667851597,8,0.8937947137939475
3620,667080299,0,1.0
3619,666312350,23,0.7241167984252299
3618,665904595,11,0.8569430283424219
3617,665764391,3,0.9587694076919532
3616,663137284,96,0.25992818915675303
3615,657036521,10,0.8690549292357823
3614,656517247,6,0.9192387771259788
3613,655676147,233,0.038001469765601495
3612,655387137,161,0.10439035104853082
3611,654704447,41,0.562462576024752
3610,653959481,19,0.7659311487550337
3609,653495536,4,0.9454071682581783
3607,647405942,153,0.11679454961801956
3606,645542012,18,0.7767567017475153
3605,645378656,18,0.7767567017475153
3604,644707120,34,0.6205268421161356
3603,643850989,253,0.028700855911082356
3602,642335498,64,0.4072885997850509
3601,642020271,59,0.43689657540939747
3600,641099294,41,0.562462576024752
3599,639666979,0,1.0
3598,638821702,0,1.0
3597,638765727,0,1.0
3596,638668852,0,1.0
3595,637063148,47,0.5170374105641209
3594,635885457,49,0.5027260771578497
3593,634456284,263,0.02494262030281206
3592,634018855,0,1.0
3591,631477722,0,1.0
3590,630706465,267,0.023580932029420493
3589,629337302,3,0.9587694076919532
3588,629010516,3,0.9587694076919532
3587,627144509,3,0.9587694076919532
3586,627111657,154,0.11516679979200789
3585,626251239,0,1.0
3584,625699962,4,0.9454071682581783
3583,625302717,116,0.19631244660356223
3581,624320209,301,0.014632601286371533
3580,623327010,1104,1.865580028147497e-07
3579,623314900,1105,1.839579691863318e-07
3578,623093000,151,0.12011939353514535
3577,623061276,145,0.130672678877518
3576,621860707,54,0.46865691233488177
3575,619929228,0,1.0
3574,618236717,14,0.8216107597096125
3573,615133213,12,0.8449999293720649
3572,613577925,5,0.9322311565463698
3571,613498496,0,1.0
3569,611894698,0,1.0
3568,611293118,0,1.0
3567,610874874,0,1.0
3565,609063903,0,1.0
3564,608791645,5,0.9322311565463698
3563,608365533,231,0.03908327500398998
3561,608211691,6,0.9192387771259788
3560,608154461,0,1.0
3559,607788475,1,0.9860631353831556
3557,607511578,0,1.0
3556,607136103,0,1.0
3555,607102411,310,0.01289626781405002
3554,604406676,7,0.9064274707386204
3553,604106546,310,0.01289626781405002
3552,603521869,0,1.0
3551,603462389,0,1.0
3550,603225039,0,1.0
3547,601794249,150,0.12181714255900095
3545,601008571,0,1.0
3544,598533602,2,0.9723205069616594
3543,598252259,4,0.9454071682581783
3542,597850136,5,0.9322311565463698
3541,597291291,5,0.9322311565463698
3540,596760791,1,0.9860631353831556
3539,594817830,0,1.0
3538,593287609,318,0.011526615999868931
3536,592653835,0,1.0
3535,592398346,6,0.9192387771259788
3534,591971717,0,1.0
3533,591964707,0,1.0
3532,591815059,0,1.0
3531,591808087,0,1.0
3530,591453551,1156,8.992065573494126e-08
3529,591301733,0,1.0
3528,590929503,0,1.0
3527,590891290,0,1.0
3526,590314449,1,0.9860631353831556
3525,590312727,0,1.0
3524,590310132,0,1.0
3523,589604698,0,1.0
3522,589585308,0,1.0
3521,589582067,0,1.0
3520,589580696,4,0.9454071682581783
3519,587475896,5,0.9322311565463698
3518,587338469,9,0.8813380178725501
3517,587148608,0,1.0
3516,586942476,5,0.9322311565463698
3515,586066228,1,0.9860631353831556
3514,585519675,1,0.9860631353831556
3513,583893747,154,0.11516679979200789
3512,583864187,0,1.0
3511,583517782,0,1.0
3510,583046806,0,1.0
3509,583001231,0,1.0
3508,582782716,0,1.0
3507,582458280,11,0.8569430283424219
3506,582141153,2,0.9723205069616594
3505,582027288,1,0.9860631353831556
3504,581846718,2,0.9723205069616594
3503,580611712,2,0.9723205069616594
3502,580331172,4,0.9454071682581783
3501,579390623,356,0.0067620953235686095
3500,578982532,0,1.0
3499,578785694,0,1.0
3498,578496807,1,0.9860631353831556
3497,577716630,0,1.0
3496,577323730,22,0.7343513538246809
3495,577209379,361,0.006303835944167165
3494,577063394,0,1.0
3492,576868821,23,0.7241167984252299
3491,576757919,7,0.9064274707386204
3490,576393208,0,1.0
3489,576226356,1,0.9860631353831556
3488,576160894,118,0.19087861760445934
3487,574610897,222,0.04434538645947961
3486,574493935,1,0.9860631353831556
3485,573426783,12,0.8449999293720649
3484,572726038,0,1.0
3483,572411477,0,1.0
3482,572246734,6,0.9192387771259788
3481,571418808,623,0.00015945651020153343
3480,570681293,0,1.0
3479,570505494,0,1.0
3478,570505389,0,1.0
3477,568884928,3,0.9587694076919532
3476,568588698,38,0.5866505246332054
3474,568436698,1,0.9860631353831556
3472,565087826,0,1.0
3471,564795943,3,0.9587694076919532
3470,564574094,0,1.0
3469,563979199,15,0.810160081783797
3468,563838313,1,0.9860631353831556
3467,563832821,0,1.0
3466,563351487,0,1.0
3465,563210703,0,1.0
3464,563037367,0,1.0
3463,562861647,0,1.0
3462,562637446,0,1.0
3461,562488797,1,0.9860631353831556
3460,562480036,1,0.9860631353831556
3459,562284490,1,0.9860631353831556
3458,561815008,23,0.7241167984252299
3457,561601240,760,2.331252247403455e-05
3456,560519045,0,1.0
3455,560421975,0,1.0
3454,560414484,0,1.0
3453,560259370,0,1.0
3452,560156216,0,1.0
3451,559200665,0,1.0
3450,559132235,2,0.9723205069616594
3449,559097911,30,0.6563593581159285
3447,558586981,1,0.9860631353831556
3445,554404735,16,0.7988689904060046
3444,554258603,3,0.9587694076919532
3443,553484450,0,1.0
3442,553119029,13,0.8332232797551633
3441,553086989,0,1.0
3440,551955114,15,0.810160081783797
3439,551749884,4,0.9454071682581783
3438,551486893,16,0.7988689904060046
3437,550618930,16,0.7988689904060046
3436,550260218,0,1.0
3435,549563804,13,0.8332232797551633
3434,548247226,0,1.0
3433,548066787,0,1.0
3432,544165584,6,0.9192387771259788
3431,543109962,49,0.5027260771578497
3430,543109037,48,0.5098315301712449
3429,543019365,61,0.4248034996918782
3428,542849716,21,0.7447305628552204
3427,542015501,0,1.0
3426,541714424,0,1.0
3425,541474664,0,1.0
3424,541386029,0,1.0
3422,541163863,0,1.0
3421,540252163,34,0.6205268421161356
3420,539979045,34,0.6205268421161356
3419,539859380,0,1.0
3416,539034711,3,0.9587694076919532
3415,538092985,0,1.0
3414,537958200,697,5.644061487743242e-05
3413,537541245,0,1.0
3412,536026682,0,1.0
3411,535481884,0,1.0
3410,535353335,820,1.0043212019854403e-05
3409,535290269,0,1.0
3408,534907118,0,1.0
3407,534455849,95,0.263601974183684
3406,534425855,2,0.9723205069616594
3405,534112338,1,0.9860631353831556
3404,533763842,4,0.9454071682581783
3403,533073044,98,0.25273350865452016
3402,532558642,0,1.0
3401,532049384,0,1.0
3400,532024606,0,1.0
3399,531843402,0,1.0
3398,531042133,568,0.00034505037634753827
3397,530422169,11,0.8569430283424219
3396,529919393,0,1.0
3395,529787772,4,0.9454071682581783
3393,529122206,13,0.8332232797551633
3392,528336260,0,1.0
3391,527784634,0,1.0
3390,527614335,25,0.7040736125442733
3389,527489286,2,0.9723205069616594
3388,527232300,0,1.0
3387,526888184,1,0.9860631353831556
3386,526822373,28,0.6750442404706066
3384,526769596,3,0.9587694076919532
3383,526686190,129,0.1635721006157805
3382,526654732,3,0.9587694076919532
3381,526524192,0,1.0
3380,526008356,0,1.0
3379,523384554,11,0.8569430283424219
3378,523329941,24,0.7140248806387947
3377,522778979,0,1.0
3376,522103853,0,1.0
3375,521927362,0,1.0
3374,521909523,0,1.0
3373,521442454,60,0.43080760698635373
3372,521375270,282,0.019104329821493467
3371,520800518,1,0.9860631353831556
3370,520090675,31,0.647211766601868
3369,519203683,0,1.0
3368,518308957,2,0.9723205069616594
3367,517173777,28,0.6750442404706066
3366,517172846,28,0.6750442404706066
3365,517167555,0,1.0
3364,517047864,1,0.9860631353831556
3363,516323829,24,0.7140248806387947
3362,516074146,490,0.0010311316873246844
3361,515502007,25,0.7040736125442733
3360,515256704,0,1.0
3359,514731940,4,0.9454071682581783
3358,514659495,1,0.9860631353831556
3357,514551331,1,0.9860631353831556
3356,514461518,9,0.8813380178725501
3355,513859958,0,1.0
3354,512441251,27,0.6845852118873748
3353,511897713,423,0.002640570158288103
3352,511340120,1,0.9860631353831556
3351,510548009,0,1.0
3350,510194723,156,0.11197904115891706
3349,509589101,9,0.8813380178725501
3348,509577497,9,0.8813380178725501
3347,508935871,0,1.0
3346,508602401,20,0.7552564700290105
3345,508543675,0,1.0
3344,507883717,22,0.7343513538246809
3343,507799686,0,1.0
3342,507728935,0,1.0
3341,507612717,2,0.9723205069616594
3340,507603931,0,1.0
3339,507099814,23,0.7241167984252299
3338,506999495,2,0.9723205069616594
3337,506615203,0,1.0
3335,505474089,0,1.0
3334,504768067,0,1.0
3333,504578165,0,1.0
3332,504455209,0,1.0
3331,504448647,9,0.8813380178725501
3330,504448173,9,0.8813380178725501
3328,502611508,6,0.9192387771259788
3327,502470854,0,1.0
3326,502408375,0,1.0
3324,501618925,8,0.8937947137939475
3322,499454729,13,0.8332232797551633
3321,499190348,60,0.43080760698635373
3320,499149966,0,1.0
3319,499039798,185,0.07453730794726908
3318,497035798,21,0.7447305628552204
3316,496882425,21,0.7447305628552204
3315,496870401,1,0.9860631353831556
3314,496870248,1,0.9860631353831556
3313,496618315,192,0.06756266351830878
3312,496110692,24,0.7140248806387947
3311,494670977,2,0.9723205069616594
3310,494116780,4,0.9454071682581783
3309,494115425,0,1.0
3308,493653579,166,0.09731593769025342
3307,493336060,30,0.6563593581159285
3306,492731020,32,0.638191663832309
3305,491806428,1,0.9860631353831556
3304,491770738,1,0.9860631353831556
3303,491676449,1,0.9860631353831556
3302,491382408,29,0.6656362402807872
3301,491331740,30,0.6563593581159285
3300,491116921,78,0.33463269589045996
3299,491116731,78,0.33463269589045996
3298,490887579,35,0.6118786435264449
3297,489856528,1,0.9860631353831556
3295,488813988,35,0.6118786435264449
3294,488549454,70,0.37439547440376236
3293,488539826,236,0.03643464665858941
3292,488520380,0,1.0
3291,488507057,71,0.3691775753638379
3290,487256878,3,0.9587694076919532
3289,487245350,3,0.9587694076919532
3288,486867837,39,0.5784744556939917
3287,486805881,4,0.9454071682581783
3286,486678194,0,1.0
3285,486279546,5,0.9322311565463698
3283,486171133,90,0.2827646043930223
3282,486130282,5,0.9322311565463698
3281,485673197,3,0.9587694076919532
3280,485608443,184,0.07559080678774797
3279,484801065,9,0.8813380178725501
3277,483402699,0,1.0
3276,483364337,222,0.04434538645947961
3275,483362515,119,0.18821836815265555
3274,483031031,1,0.9860631353831556
3273,482941304,13,0.8332232797551633
3272,480875682,0,1.0
3271,480869714,0,1.0
3270,480528156,0,1.0
3269,480043754,21,0.7447305628552204
3268,480039645,21,0.7447305628552204
3267,480034130,0,1.0
3266,479994755,1,0.9860631353831556
3265,479961785,62,0.41888307082791076
3264,479544572,3,0.9587694076919532
3263,479490300,87,0.29492451691144583
3262,478651826,1,0.9860631353831556
3261,478632064,1,0.9860631353831556
3260,478381198,10,0.8690549292357823
3259,478279133,11,0.8569430283424219
3258,478112136,0,1.0
3256,477723747,0,1.0
3254,475567726,5,0.9322311565463698
3253,475123276,5,0.9322311565463698
3252,474567075,5,0.9322311565463698
3251,474393396,10,0.8690549292357823
3250,474063701,248,0.030787273853204185
3249,473945240,16,0.7988689904060046
3248,473287937,123,0.1779429944493774
3247,471736841,125,0.17301762257329437
3246,471641197,842,7.375246343528393e-06
3245,471569705,87,0.29492451691144583
3244,470295511,25,0.7040736125442733
3243,470229623,31,0.647211766601868
3242,469629629,92,0.27493782349423657
3240,467251569,601,0.00021713926088791862
3239,466874797,31,0.647211766601868
3237,466636261,35,0.6118786435264449
3236,466344488,138,0.1441623109359613
3235,466220335,35,0.6118786435264449
3234,465964515,37,0.5949421528726455
3233,465720747,40,0.5704123355206817
3232,465329954,269,0.02292822378547457
3231,464253075,145,0.130672678877518
3230,463389994,6,0.9192387771259788
3229,463089595,50,0.4957196518811434
3228,462999790,0,1.0
3227,462810119,0,1.0
3226,462734028,45,0.5317561512507611
3225,462708019,51,0.48881087420496666
3224,462670926,44,0.5392719108641416
3223,462648056,0,1.0
3222,462003616,159,0.10736207896584776
3221,461347126,139,0.1421531403255954
3220,461271651,48,0.5098315301712449
3219,460939031,140,0.14017197125401826
3217,460650610,50,0.4957196518811434
3216,460621231,0,1.0
3215,460547075,19,0.7659311487550337
3214,460358489,488,0.0010604853851604967
3213,458761450,56,0.45568472659253817
3212,457827782,63,0.41304515417949417
3211,457413394,0,1.0
3210,457311674,1303,1.1424934140349192e-08
3209,457298067,741,3.0436838235300115e-05
3208,456857225,894,3.554856813488393e-06
3207,453476541,0,1.0
3206,453389364,160,0.10586578820631777
3205,453205508,2,0.9723205069616594
3204,452892865,69,0.3796871224257695
3203,451306146,6,0.9192387771259788
3202,451232776,79,0.32996896531146497
3201,450287470,81,0.3208355916332578
3200,450247208,83,0.3119550251081932
3199,450219462,0,1.0
3198,449934555,0,1.0
3197,449738546,78,0.33463269589045996
3196,449609398,0,1.0
3195,449126528,85,0.3033202681624355
3194,449095451,79,0.32996896531146497
3193,447855707,201,0.05954554394741631
3192,447592127,4,0.9454071682581783
3191,447143106,160,0.10586578820631777
3190,446516602,7,0.9064274707386204
3189,446512718,85,0.3033202681624355
3188,445888985,86,0.29909293464951076
3186,443936205,153,0.11679454961801956
3185,443830911,1,0.9860631353831556
3184,443476582,0,1.0
3183,443075196,4,0.9454071682581783
3182,442626403,321,0.011051366794886922
3181,442501332,1,0.9860631353831556
3180,442442398,1,0.9860631353831556
3179,442406841,179,0.08108590477472206
3178,442074917,0,1.0
3177,441723012,782,1.7119582439875548e-05
3176,441675911,0,1.0
3175,441608490,98,0.25273350865452016
3174,441494972,99,0.24921119596026206
3173,441407453,0,1.0
3172,441384443,0,1.0
3171,441246510,99,0.24921119596026206
3170,441119400,2,0.9723205069616594
3169,440858472,5,0.9322311565463698
3168,439480349,1,0.9860631353831556
3167,438248341,107,0.2227436495675498
3166,438139061,3,0.9587694076919532
3165,438064422,0,1.0
3164,437839159,9,0.8813380178725501
3163,437229452,14,0.8216107597096125
3162,437034595,14,0.8216107597096125
3161,436721794,14,0.8216107597096125
3160,436181612,13,0.8332232797551633
3159,435548533,0,1.0
3158,435526043,18,0.7767567017475153
3157,434717107,0,1.0
3156,433688227,0,1.0
3155,433656550,0,1.0
3154,432411928,0,1.0
3153,432304732,27,0.6845852118873748
3152,431554538,0,1.0
3151,431544723,0,1.0
3150,431424283,0,1.0
3149,431419202,0,1.0
3148,431333967,0,1.0
3147,430804059,0,1.0
3146,429687159,0,1.0
3145,429487711,0,1.0
3144,429403713,34,0.6205268421161356
3143,429315964,35,0.6118786435264449
3142,429176765,0,1.0
3141,428428834,5,0.9322311565463698
3140,427975528,1071,2.9645449108856235e-07
3139,427654857,2,0.9723205069616594
3138,427340000,5,0.9322311565463698
3137,427320089,39,0.5784744556939917
3136,427319778,0,1.0
3135,427087664,41,0.562462576024752
3134,426863655,0,1.0
3133,425682566,0,1.0
3132,425311049,10,0.8690549292357823
3131,425309909,10,0.8690549292357823
3130,425300952,0,1.0
3129,424840816,709,4.769231558514631e-05
3128,423562210,5,0.9322311565463698
3127,422764411,2,0.9723205069616594
3126,422217246,49,0.5027260771578497
3125,422206377,9,0.8813380178725501
3124,422097995,52,0.48199838322793065
3123,421500149,53,0.47528083701534507
3122,421486901,53,0.47528083701534507
3121,421451344,172,0.08945658355725651
3120,420561524,0,1.0
3119,420504046,487,0.0010754741224033519
3118,420038578,247,0.03122241644419771
3117,419904392,40,0.5704123355206817
3116,419073243,58,0.44307160437514187
3115,419047891,2,0.9723205069616594
3114,418717543,0,1.0
3113,418420182,62,0.41888307082791076
3112,418152122,63,0.41304515417949417
3111,417130196,0,1.0
3110,417127960,0,1.0
3109,416884658,1,0.9860631353831556
3108,416796980,38,0.5866505246332054
3107,416168949,39,0.5784744556939917
3106,416125368,40,0.5704123355206817
3105,416114327,39,0.5784744556939917
3104,415042297,71,0.3691775753638379
3103,413386837,76,0.3441588380524152
3102,413343931,52,0.48199838322793065
3101,412945144,6,0.9192387771259788
3100,412795738,77,0.3393623429197882
3099,411999758,79,0.32996896531146497
3098,411403312,80,0.3253702325141588
3097,411322802,57,0.4493339102500542
3096,411171433,10,0.8690549292357823
3095,410471385,1,0.9860631353831556
3094,409633016,84,0.307607350156716
3093,409469489,0,1.0
3092,408712620,16,0.7988689904060046
3091,408192763,262,0.025295155459918988
3090,407217045,89,0.2867611557987595
3089,406894007,22,0.7343513538246809
3088,406775553,0,1.0
3087,406694844,0,1.0
3086,406506912,197,0.06298401995102623
3085,406505412,197,0.06298401995102623
3084,406505047,246,0.03166370927361115
3083,406495526,210,0.05247975167575872
3082,406494439,210,0.05247975167575872
3081,406478249,210,0.05247975167575872
3080,406338729,252,0.029106509391946832
3079,406337108,639,0.00012738486131836393
3078,406336532,252,0.029106509391946832
3077,406331751,92,0.27493782349423657
3076,406299198,210,0.05247975167575872
3075,406290090,1129,1.3135056699082543e-07
3074,406282298,660,9.486739946885936e-05
3073,406111875,200,0.06038715150250359
3072,405988386,1,0.9860631353831556
3071,405168645,0,1.0
3070,403156669,0,1.0
3069,402916783,17,0.7877352614401208
3068,402630516,29,0.6656362402807872
3067,402594017,5,0.9322311565463698
3066,401839243,0,1.0
3065,401703374,0,1.0
3064,401691569,109,0.21657821827001023
3063,401633569,0,1.0
3062,401346798,65,0.40161227370986247
3060,400716404,0,1.0
3059,400639001,0,1.0
3058,400602220,0,1.0
3057,400602071,0,1.0
3055,399282075,1,0.9860631353831556
3053,398895277,0,1.0
3052,398607181,0,1.0
3051,397501185,1,0.9860631353831556
3050,397231669,3,0.9587694076919532
3049,397152640,2,0.9723205069616594
3048,397037405,0,1.0
3047,397016169,118,0.19087861760445934
3046,396805151,0,1.0
3045,396441020,84,0.307607350156716
3044,396411920,4,0.9454071682581783
3043,396408476,0,1.0
3042,396379192,0,1.0
3041,396379155,4,0.9454071682581783
3040,395897807,0,1.0
3039,395528134,8,0.8937947137939475
3038,395252788,9,0.8813380178725501
3037,395250421,9,0.8813380178725501
3036,395201333,0,1.0
3035,395189709,0,1.0
3034,394918619,107,0.2227436495675498
3033,394558867,14,0.8216107597096125
3032,392960425,0,1.0
3031,392892564,0,1.0
3030,391754329,0,1.0
3029,391594282,10,0.8690549292357823
3028,391447576,145,0.130672678877518
3027,390931045,335,0.009079921868176636
3026,389941222,5,0.9322311565463698
3025,389867091,18,0.7767567017475153
3024,389640126,17,0.7877352614401208
3023,389268107,32,0.638191663832309
3022,388589971,250,0.02993509772091494
3021,386899155,0,1.0
3020,386794973,1,0.9860631353831556
3019,386579294,371,0.005478379700372174
3018,386445785,7,0.9064274707386204
3016,384201680,0,1.0
3015,384198805,4,0.9454071682581783
3014,384119375,56,0.45568472659253817
3013,383770857,0,1.0
3012,383574404,7,0.9064274707386204
3011,383496605,10,0.8690549292357823
3010,383475889,7,0.9064274707386204
3009,383050920,0,1.0
3008,382563082,0,1.0
3007,380817935,504,0.0008471888889834892
3006,380599035,2,0.9723205069616594
3005,379745881,0,1.0
3004,379182747,0,1.0
3003,378659551,0,1.0
3002,377773556,0,1.0
3001,377000258,514,0.0007362536799648869
3000,376878127,131,0.15904450779551926
2999,376765158,32,0.638191663832309
2998,376298107,17,0.7877352614401208
2997,375949998,0,1.0
2996,374760205,0,1.0
2995,374623805,3,0.9587694076919532
2994,374516583,8,0.8937947137939475
2993,373557045,0,1.0
2992,372318595,0,1.0
2991,370817114,5,0.9322311565463698
2990,370810413,5,0.9322311565463698
2989,370787576,0,1.0
2988,370747963,0,1.0
2987,370551052,22,0.7343513538246809
2986,370425086,0,1.0
2985,370138660,0,1.0
2984,369756200,3,0.9587694076919532
2983,369668652,2,0.9723205069616594
2982,369538502,1147,1.0202743318845972e-07
2981,369158091,0,1.0
2980,368963746,20,0.7552564700290105
2979,368943956,5,0.9322311565463698
2978,368721784,1,0.9860631353831556
2977,368631741,1,0.9860631353831556
2976,368592609,6,0.9192387771259788
2975,368302658,0,1.0
2974,367825680,364,0.006043925054376395
2973,367769008,0,1.0
2972,367550150,2,0.9723205069616594
2971,366972566,314,0.01219222403518011
2969,365888308,548,0.0004568651710249951
2968,365884936,32,0.638191663832309
2967,365394879,23,0.7241167984252299
2966,364449577,0,1.0
2965,363983445,1,0.9860631353831556
2964,362323236,4,0.9454071682581783
2963,361806188,6,0.9192387771259788
2962,361097530,449,0.001833244968247111
2961,361031261,563,0.0003701339243217786
2960,361028924,563,0.0003701339243217786
2959,360998752,8,0.8937947137939475
2958,360606208,9,0.8813380178725501
2957,359585250,336,0.008953376226368333
2956,359323512,0,1.0
2955,358948738,0,1.0
2954,358934606,34,0.6205268421161356
2953,358025726,6,0.9192387771259788
2952,357231548,19,0.7659311487550337
2951,356239723,0,1.0
2950,356016597,2,0.9723205069616594
2949,355445002,14,0.8216107597096125
2948,355172410,7,0.9064274707386204
2947,355010444,27,0.6845852118873748
2945,354603606,59,0.43689657540939747
2944,353514044,221,0.044972157327682956
2943,352929157,1,0.9860631353831556
2942,352865127,358,0.006574923953135295
2941,352834782,85,0.3033202681624355
2939,352651423,223,0.043727350812012206
2936,352046955,44,0.5392719108641416
2934,351543734,47,0.5170374105641209
2933,351091263,42,0.5546236112506535
2932,350428706,41,0.562462576024752
2931,350220658,50,0.4957196518811434
2930,349957378,71,0.3691775753638379
2929,349923802,113,0.20475460004105206
2928,349593151,0,1.0
2927,349441034,4,0.9454071682581783
2926,349361539,0,1.0
2925,349285406,4,0.9454071682581783
2924,349219665,38,0.5866505246332054
2923,348885657,1,0.9860631353831556
2922,348884834,1,0.9860631353831556
2921,348801818,0,1.0
2920,348636129,0,1.0
2919,347786796,120,0.1855951942373086
2918,347371415,3,0.9587694076919532
2917,346585926,69,0.3796871224257695
2916,346150172,44,0.5392719108641416
2915,346050150,44,0.5392719108641416
2914,345442151,382,0.004694659290846582
2913,344808310,61,0.4248034996918782
2912,344616567,14,0.8216107597096125
2911,344337388,15,0.810160081783797
2910,343988325,3,0.9587694076919532
2909,343869111,0,1.0
2908,343579697,5,0.9322311565463698
2907,343400286,5,0.9322311565463698
2906,343114216,109,0.21657821827001023
2905,342666383,1,0.9860631353831556
2904,342233437,0,1.0
2903,342225876,0,1.0
2902,341344616,2,0.9723205069616594
2901,341085872,4,0.9454071682581783
2900,339783656,0,1.0
2899,339381243,0,1.0
2897,339184462,10,0.8690549292357823
2896,339176083,10,0.8690549292357823
2895,339099567,11,0.8569430283424219
2894,338936570,0,1.0
2893,338753336,1,0.9860631353831556
2892,338737785,0,1.0
2891,338341506,2,0.9723205069616594
2890,338337205,84,0.307607350156716
2889,337864456,15,0.810160081783797
2888,337510514,1,0.9860631353831556
2887,337500218,0,1.0
2886,337460149,1,0.9860631353831556
2884,336874344,4,0.9454071682581783
2883,336601349,413,0.0030384387332226897
2882,336451577,0,1.0
2881,336128853,0,1.0
2880,334834429,0,1.0
2879,334833858,0,1.0
2878,334765323,0,1.0
2877,334721454,165,0.09869138617826868
2876,334346458,0,1.0
2874,333621082,0,1.0
2873,332917567,0,1.0
2872,332691913,3,0.9587694076919532
2871,332669999,5,0.9322311565463698
2870,332295854,19,0.7659311487550337
2869,331903027,0,1.0
2867,331505741,0,1.0
2866,331497706,1,0.9860631353831556
2865,331491664,0,1.0
2864,331491242,0,1.0
2863,331467321,1,0.9860631353831556
2862,331158893,0,1.0
2861,331146582,0,1.0
2860,331137856,0,1.0
2859,331047213,0,1.0
2858,330829151,4,0.9454071682581783
2857,330594239,3,0.9587694076919532
2856,330530655,179,0.08108590477472206
2855,329729849,183,0.07665919561872228
2854,329401630,157,0.11041840442236117
2853,329332714,157,0.11041840442236117
2852,329025627,436,0.002200184527712424
2851,329011449,665,8.843834552540126e-05
2850,329011091,228,0.04076399882019097
2849,328737119,0,1.0
2848,328486756,4,0.9454071682581783
2847,327698358,4,0.9454071682581783
2846,327644893,23,0.7241167984252299
2845,326887337,0,1.0
2844,325149178,0,1.0
2843,325024219,0,1.0
2842,324893916,1,0.9860631353831556
2841,324587134,3,0.9587694076919532
2840,323645084,7,0.9064274707386204
2839,322809141,147,0.12705572537222637
2838,322782895,3,0.9587694076919532
2837,322577217,9,0.8813380178725501
2836,322146853,6,0.9192387771259788
2835,321873084,1028,5.420694812618381e-07
2834,321487628,0,1.0
2833,321466429,13,0.8332232797551633
2832,321327966,13,0.8332232797551633
2831,320955223,196,0.06387422639682443
2830,320608078,31,0.647211766601868
2829,320588538,0,1.0
2828,320343922,1,0.9860631353831556
2826,319976024,2,0.9723205069616594
2825,319873376,2,0.9723205069616594
2824,319530824,2,0.9723205069616594
2823,318928203,0,1.0
2822,318533883,206,0.055510211301282586
2821,317948691,46,0.5243451377616051
2820,317941913,70,0.37439547440376236
2819,317928767,70,0.37439547440376236
2818,317922141,10,0.8690549292357823
2817,317892862,10,0.8690549292357823
2816,317562643,0,1.0
2815,317327682,373,0.005326740927594335
2814,316340225,2,0.9723205069616594
2813,315419307,4,0.9454071682581783
2811,314915814,0,1.0
2810,314908475,6,0.9192387771259788
2809,314769874,0,1.0
2808,314576668,0,1.0
2807,313702971,12,0.8449999293720649
2806,313626845,12,0.8449999293720649
2805,313445341,5,0.9322311565463698
2804,313228139,0,1.0
2803,312389433,0,1.0
2802,312312887,1,0.9860631353831556
2801,311141772,0,1.0
2800,310360438,1,0.9860631353831556
2799,309793844,210,0.05247975167575872
2797,309464168,27,0.6845852118873748
2796,309373004,2,0.9723205069616594
2795,309232916,91,0.2788237523831612
2794,309198426,0,1.0
2793,309123142,1,0.9860631353831556
2792,308961730,0,1.0
2791,308940670,0,1.0
2790,308573805,0,1.0
2789,307519626,33,0.6292972730138794
2788,306387378,86,0.29909293464951076
2787,305963909,0,1.0
2786,304396634,0,1.0
2785,303345411,7,0.9064274707386204
2784,301641356,5,0.9322311565463698
2783,300200435,232,0.038538576691476464
2782,299852856,133,0.15464223644920688
2781,299617762,3,0.9587694076919532
2780,299089799,32,0.638191663832309
2779,298960488,22,0.7343513538246809
2778,298795762,2,0.9723205069616594
2777,298773949,2,0.9723205069616594
2776,297523365,12,0.8449999293720649
2775,297365929,0,1.0
2773,296362501,548,0.0004568651710249951
2772,296186930,16,0.7988689904060046
2771,296133091,488,0.0010604853851604967
2770,296021545,0,1.0
2769,295053592,47,0.5170374105641209
2768,294844439,47,0.5170374105641209
2767,294808204,615,0.00017840395310090654
2766,294420128,48,0.5098315301712449
2765,294025459,0,1.0
2763,293552853,54,0.46865691233488177
2762,293485285,0,1.0
2761,293339460,154,0.11516679979200789
2760,293163947,43,0.5468938970673477
2759,293100629,43,0.5468938970673477
2758,292666690,0,1.0
2757,292644976,0,1.0
2756,292369708,50,0.4957196518811434
2755,292195156,3,0.9587694076919532
2754,291673024,4,0.9454071682581783
2753,291494380,60,0.43080760698635373
2752,290631471,63,0.41304515417949417
2751,290041565,0,1.0
2750,289577715,112,0.20764857004971626
2749,288981484,0,1.0
2748,287980300,73,0.3589589272366431
2747,287706242,74,0.3539561652647383
2746,287203722,22,0.7343513538246809
2745,286691184,0,1.0
2744,285471706,83,0.3119550251081932
2742,284885692,160,0.10586578820631777
2741,284354866,92,0.27493782349423657
2740,283998239,0,1.0
2739,282822649,87,0.29492451691144583
2738,282375547,0,1.0
2737,282373975,0,1.0
2736,281413173,0,1.0
2735,281264036,0,1.0
2734,280405824,3,0.9587694076919532
2733,280307279,0,1.0
2732,280205216,110,0.21355979696302374
2731,278474369,380,0.004828304306279229
2730,278405824,49,0.5027260771578497
2729,278400332,889,3.8132782717304203e-06
2728,278393767,144,0.13251958641242817
2727,278051669,0,1.0
2726,277928362,0,1.0
2725,277658568,0,1.0
2724,277658212,0,1.0
2723,277473227,28,0.6750442404706066
2722,276597528,857,5.975130180848616e-06
2721,276275228,363,0.006129348961035747
2720,276263129,811,1.1395414490455752e-05
2719,275305602,552,0.0004319236076145291
2717,274828985,2022,4.735320095314815e-13
2716,274276516,4,0.9454071682581783
2715,274274086,160,0.10586578820631777
2714,274178233,4,0.9454071682581783
2713,273800150,0,1.0
2712,273419520,0,1.0
2711,272801089,14,0.8216107597096125
2710,272742417,4,0.9454071682581783
2709,272195323,42,0.5546236112506535
2708,272109419,0,1.0
2707,271283027,14,0.8216107597096125
2706,270962147,847,6.875434428641861e-06
2705,270953713,0,1.0
2704,270888540,6,0.9192387771259788
2703,270401825,848,6.779612429827881e-06
2702,269470399,0,1.0
2701,269370561,0,1.0
2700,269005873,886,3.977263188768327e-06
2698,268739890,750,2.682514268060684e-05
2697,268704124,0,1.0
2696,268652625,0,1.0
2695,267794135,182,0.0777426848930264
2694,267152154,6,0.9192387771259788
2693,266415109,154,0.11516679979200789
2692,266009110,0,1.0
2690,265482112,25,0.7040736125442733
2689,265481938,236,0.03643464665858941
2688,265478885,4,0.9454071682581783
2687,263927003,0,1.0
2686,263925350,0,1.0
2685,263022917,0,1.0
2684,262004496,910,2.8398648736293777e-06
2683,261580306,10,0.8690549292357823
2682,261114027,0,1.0
2681,260938345,0,1.0
2680,260584024,0,1.0
2679,259307844,14,0.8216107597096125
2678,257611497,4,0.9454071682581783
2677,257254598,0,1.0
2676,256837295,1002,7.807862673733961e-07
2675,256822735,0,1.0
2674,256563119,0,1.0
2673,255986732,2,0.9723205069616594
2672,255912452,3,0.9587694076919532
2671,255868495,3,0.9587694076919532
2670,255684000,0,1.0
2669,254945444,6,0.9192387771259788
2667,254377616,0,1.0
2666,254264784,0,1.0
2665,253926254,0,1.0
2664,253549746,0,1.0
2663,252846544,6,0.9192387771259788
2662,252339261,0,1.0
2661,252201947,1,0.9860631353831556
2660,252196522,18,0.7767567017475153
2659,252075727,293,0.01637132225168305
2658,251292877,1,0.9860631353831556
2657,250958978,5,0.9322311565463698
2656,250773048,0,1.0
2655,250536067,323,0.010745470564623707
2654,250535624,1,0.9860631353831556
2653,249834954,4,0.9454071682581783
2652,249635169,6,0.9192387771259788
2651,247248823,0,1.0
2650,247233353,0,1.0
2649,246941655,16,0.7988689904060046
2648,246755203,238,0.035426154110048576
2647,246631494,18,0.7767567017475153
2646,246547352,18,0.7767567017475153
2645,246393199,26,0.6942610339259512
2644,246163200,5,0.9322311565463698
2643,245759332,45,0.5317561512507611
2642,245718479,22,0.7343513538246809
2641,245665459,23,0.7241167984252299
2640,244798477,30,0.6563593581159285
2639,244755649,26,0.6942610339259512
2638,244703108,276,0.020782771894396788
2637,244498616,27,0.6845852118873748
2636,244490183,27,0.6845852118873748
2635,244427377,277,0.020493125216141817
2634,243334608,0,1.0
2633,242965407,283,0.018838075363175767
2632,242349262,36,0.6033509737096785
2631,240622807,0,1.0
2630,240351689,0,1.0
2629,240123992,0,1.0
2628,239108326,0,1.0
2627,239041603,240,0.034445576123984314
2626,238759930,482,0.0011536560592843228
2625,238570573,242,0.03349214003945886
2624,237523844,0,1.0
2623,237467554,140,0.14017197125401826
2622,237258303,0,1.0
2621,237014774,2172,5.768431631134683e-14
2620,236876995,0,1.0
2619,236637893,2,0.9723205069616594
2618,236508345,311,0.012716534275463034
2617,236241892,0,1.0
2616,235828376,313,0.012364547053513532
2615,235494074,314,0.01219222403518011
2614,235142555,315,0.012022302659423577
2613,235138588,1023,5.814753963706158e-07
2612,234395310,1,0.9860631353831556
2611,232583099,0,1.0
2609,232312813,328,0.010017262452094135
2608,232235121,513,0.000746659776180356
2607,232175488,290,0.017075349005026934
2606,232174983,290,0.017075349005026934
2605,232046356,1036,4.844988368608585e-07
2604,231547947,0,1.0
2603,231289862,2049,3.2417301108056387e-13
2602,231182335,1,0.9860631353831556
2601,231036876,502,0.0008713062029626565
2600,231003495,0,1.0
2599,230837117,0,1.0
2598,230666921,5,0.9322311565463698
2597,230266375,0,1.0
2596,229850877,2,0.9723205069616594
2595,229427071,6,0.9192387771259788
2594,228672769,528,0.0006049139453349486
2593,227779519,13,0.8332232797551633
2592,226794988,352,0.0071525746266839895
2591,226547275,353,0.007052890162450017
2590,226407724,0,1.0
2589,226202684,536,0.0005406688866406184
2588,225867704,355,0.006857669738298305
2587,225835502,7,0.9064274707386204
2586,225817337,834,8.251611057557287e-06
2585,224375522,1,0.9860631353831556
2584,224234199,841,7.479486940420484e-06
2583,224154614,534,0.0005560603553761493
2582,223498420,16,0.7988689904060046
2580,222377593,456,0.001661703599812531
2579,221717006,937,1.9441294962450818e-06
2578,221231851,0,1.0
2577,221132295,0,1.0
2576,220911589,559,0.0003915074232023379
2575,220365252,4,0.9454071682581783
2574,220362240,368,0.005713970070822646
2573,219535734,0,1.0
2572,219159452,433,0.002294800512053187
2571,218883063,0,1.0
2570,218882963,9,0.8813380178725501
2569,218458202,1103,1.8919478491836988e-07
2568,217972953,13,0.8332232797551633
2567,217651547,1,0.9860631353831556
2566,217640244,14,0.8216107597096125
2565,217350351,3,0.9587694076919532
2564,216791389,609,0.0001940779235387463
2563,216113990,0,1.0
2562,214623650,369,0.005634335243520889
2561,213658959,0,1.0
2560,213592406,481,0.0011699616564978322
2559,213503218,2,0.9723205069616594
2558,213278586,888,3.8671745600231656e-06
2557,212072225,0,1.0
2556,212040785,16,0.7988689904060046
2555,211068065,503,0.0008591629263721499
2554,210760772,0,1.0
2553,210738054,0,1.0
2552,210519677,381,0.004761012882833688
2551,209792633,17,0.7877352614401208
2550,209636045,424,0.0026037688894807623
2548,208081868,397,0.003803425555019328
2547,208033090,0,1.0
2546,207587430,433,0.002294800512053187
2545,207587201,0,1.0
2544,207446158,3,0.9587694076919532
2543,207406542,27,0.6845852118873748
2542,207086261,0,1.0
2541,206905057,2,0.9723205069616594
2539,205170033,517,0.0007058975046509558
2538,204869804,1,0.9860631353831556
2537,204847377,0,1.0
2536,204684743,12,0.8449999293720649
2535,204240956,0,1.0
2534,204160343,0,1.0
2533,204150325,3,0.9587694076919532
2532,204106860,0,1.0
2531,203584074,0,1.0
2530,203179090,9,0.8813380178725501
2529,202940843,12,0.8449999293720649
2528,202810887,10,0.8690549292357823
2527,202364985,456,0.001661703599812531
2526,202156796,13,0.8332232797551633
2524,201611637,0,1.0
2523,201584695,0,1.0
2522,201514781,4,0.9454071682581783
2521,201440956,1,0.9860631353831556
2520,200346661,17,0.7877352614401208
2519,200324548,18,0.7767567017475153
2518,200175241,0,1.0
2517,200153326,23,0.7241167984252299
2516,199224600,0,1.0
2515,198390706,0,1.0
2514,198230740,31,0.647211766601868
2513,198224743,4,0.9454071682581783
2511,198119033,0,1.0
2510,198090499,0,1.0
2509,198018800,0,1.0
2508,198009257,539,0.0005183767882018932
2506,197985120,0,1.0
2505,197897782,7,0.9064274707386204
2504,197835157,0,1.0
2503,197741222,10,0.8690549292357823
2502,197729088,1,0.9860631353831556
2501,197627898,1,0.9860631353831556
2500,197517484,2,0.9723205069616594
2499,197265429,0,1.0
2498,196864616,1,0.9860631353831556
2497,196609863,2,0.9723205069616594
2496,196374745,9,0.8813380178725501
2495,196082920,13,0.8332232797551633
2494,195823849,14,0.8216107597096125
2493,195778381,6,0.9192387771259788
2492,195238193,0,1.0
2491,194713580,572,0.0003262130992091447
2490,194356480,13,0.8332232797551633
2489,194354890,20,0.7552564700290105
2488,193823983,23,0.7241167984252299
2487,193598416,25,0.7040736125442733
2486,193324638,18,0.7767567017475153
2485,192272022,0,1.0
2484,191945110,31,0.647211766601868
2483,191944780,31,0.647211766601868
2482,191890285,1,0.9860631353831556
2481,191687573,514,0.0007362536799648869
2480,191366033,36,0.6033509737096785
2479,191318656,28,0.6750442404706066
2478,191003289,29,0.6656362402807872
2477,190895686,30,0.6563593581159285
2476,190548279,32,0.638191663832309
2475,190271680,41,0.562462576024752
2474,189850491,35,0.6118786435264449
2473,189391500,82,0.31636414942839997
2472,189389495,0,1.0
2471,188184695,604,0.00020818648054817833
2470,187454506,55,0.4621253043959222
2469,187293632,0,1.0
2468,186974185,0,1.0
2467,185783679,6,0.9192387771259788
2466,185388231,56,0.45568472659253817
2465,185322536,0,1.0
2464,185103355,55,0.4621253043959222
2463,184637076,60,0.43080760698635373
2462,183607578,1,0.9860631353831556
2461,183082541,76,0.3441588380524152
2460,183060377,75,0.34902312610914615
2459,182974540,0,1.0
2458,182728717,0,1.0
2457,182338853,559,0.0003915074232023379
2456,181709243,0,1.0
2455,180908637,0,1.0
2454,180784986,0,1.0
2453,180391408,4,0.9454071682581783
2452,179991532,0,1.0
2451,179892829,8,0.8937947137939475
2450,178946301,18,0.7767567017475153
2449,178893196,128,0.16588400351486735
2448,178821059,97,0.25630560517437384
2447,178659430,7,0.9064274707386204
2446,178375987,130,0.1612924183944055
2445,178316227,0,1.0
2444,177757589,137,0.1461998788545563
2443,177130540,767,2.113111078267638e-05
2442,176826189,0,1.0
2441,175169046,144,0.13251958641242817
2440,174793626,0,1.0
2439,174590164,119,0.18821836815265555
2438,174197282,22,0.7343513538246809
2437,174196897,22,0.7343513538246809
2436,173733614,0,1.0
2434,173152361,0,1.0
2433,173140294,0,1.0
2432,173138115,0,1.0
2431,172923722,0,1.0
2430,172908958,13,0.8332232797551633
2429,172841721,0,1.0
2428,172104118,165,0.09869138617826868
2427,171117184,2480,7.650896864719083e-16
2426,170472126,172,0.08945658355725651
2425,170145682,21,0.7447305628552204
2424,169571145,20,0.7552564700290105
2423,169498595,181,0.07884148803800262
2422,168766628,181,0.07884148803800262
2421,168249645,185,0.07453730794726908
2420,167421393,189,0.07046810523601546
2419,166338603,694,5.886776781218119e-05
2417,166162585,195,0.06477701488353964
2416,165929666,0,1.0
2415,165339798,662,9.224151794569557e-05
2414,164773370,203,0.05789735347825961
2413,164746617,1359,5.206167990082774e-09
2412,164498399,1699,4.406805701840982e-11
2411,164319779,0,1.0
2410,164315985,77,0.3393623429197882
2409,164244137,207,0.0547365730015242
2408,164083787,656,0.00010034554703413499
2407,163871086,0,1.0
2405,163793691,0,1.0
2404,163729665,0,1.0
2403,163461464,2,0.9723205069616594
2401,162405192,7,0.9064274707386204
2400,162376522,6,0.9192387771259788
2399,160842750,695,5.804733570188703e-05
2398,159762120,2,0.9723205069616594
2397,159690130,751,2.645128429873966e-05
2396,159687631,1076,2.7636411309085605e-07
2395,159630291,0,1.0
2394,158962112,2,0.9723205069616594
2393,158574601,121,0.1830085791416863
2392,158463717,0,1.0
2391,158463236,0,1.0
2390,158402480,2,0.9723205069616594
2388,157966727,250,0.02993509772091494
2387,157866792,211,0.051748348481528046
2386,157863294,1,0.9860631353831556
2385,157844488,0,1.0
2384,157825104,0,1.0
2383,157690761,1,0.9860631353831556
2382,157602195,0,1.0
2381,157197413,468,0.001404139424478895
2380,157188684,0,1.0
2379,156968465,4,0.9454071682581783
2378,156961064,39,0.5784744556939917
2376,156677217,250,0.02993509772091494
2375,156125254,9,0.8813380178725501
2374,155235818,0,1.0
2373,155216869,48,0.5098315301712449
2372,154908391,15,0.810160081783797
2371,154196798,0,1.0
2370,153836552,310,0.01289626781405002
2368,153686664,23,0.7241167984252299
2367,153613244,264,0.024594998380462408
2366,153516797,25,0.7040736125442733
2365,153060291,240,0.034445576123984314
2364,153059895,239,0.03493242459632138
2363,153038264,62,0.41888307082791076
2362,152739106,0,1.0
2361,151985242,723,3.9184519640222646e-05
2360,151542548,68,0.3850535617866235
2359,151518491,33,0.6292972730138794
2358,151504741,33,0.6292972730138794
2357,151357158,0,1.0
2356,150699915,0,1.0
2355,150377971,3,0.9587694076919532
2354,148387335,46,0.5243451377616051
2353,148015394,7,0.9064274707386204
2352,148009587,0,1.0
2351,147739308,260,0.02601524423151596
2350,146197156,301,0.014632601286371533
2349,143466742,67,0.39049584957559824
2348,143327641,68,0.3850535617866235
2347,143066322,69,0.3796871224257695
2346,142876908,1806,9.815879849631486e-12
2345,141794942,0,1.0
2344,141536064,318,0.011526615999868931
2343,141385511,0,1.0
2342,141079759,2,0.9723205069616594
2341,141027976,2,0.9723205069616594
2340,140976590,0,1.0
2339,140875889,79,0.32996896531146497
2338,140813427,78,0.33463269589045996
2337,140614757,78,0.33463269589045996
2336,139461503,9,0.8813380178725501
2335,139088733,16,0.7988689904060046
2334,139085215,85,0.3033202681624355
2333,138761105,330,0.009739989705788162
2332,138597067,88,0.29081419384706275
2331,138405391,91,0.2788237523831612
2330,138284770,0,1.0
2329,138061678,1,0.9860631353831556
2328,137600613,90,0.2827646043930223
2327,137279672,91,0.2788237523831612
2326,137257811,1,0.9860631353831556
2325,136821142,96,0.25992818915675303
2324,136449565,96,0.25992818915675303
2323,136295384,0,1.0
2321,135771904,132,0.15682792602232043
2319,135567527,0,1.0
2318,135387177,109,0.21657821827001023
2317,134370385,2660,6.117337440115862e-17
2316,132943261,12,0.8449999293720649
2315,132716011,14,0.8216107597096125
2314,132535156,14,0.8216107597096125
2313,132172063,0,1.0
2312,132087479,16,0.7988689904060046
2311,131841625,1,0.9860631353831556
2310,130567285,6,0.9192387771259788
2309,130139651,122,0.18045801335046754
2308,129247881,27,0.6845852118873748
2307,128555351,13,0.8332232797551633
2306,128143158,373,0.005326740927594335
2305,127933975,33,0.6292972730138794
2304,127712355,0,1.0
2303,127288603,135,0.15036181774197763
2302,127287638,136,0.14826624544456504
2301,127209733,36,0.6033509737096785
2300,127124434,0,1.0
2299,127123117,384,0.0045647135016882116
2298,127110637,180,0.07995582149754242
2296,126361585,140,0.14017197125401826
2295,126021873,157,0.11041840442236117
2294,125946642,1738,2.549224529721639e-11
2293,125740366,46,0.5243451377616051
2292,125646648,1006,7.381609340523562e-07
2291,125576062,1396,3.097368792236503e-09
2290,125569226,47,0.5170374105641209
2289,125566561,115,0.19908709651464754
2288,125564519,145,0.130672678877518
2287,125054924,0,1.0
2286,124710440,0,1.0
2285,124605375,1999,6.539442401575194e-13
2284,124074783,2,0.9723205069616594
2283,124062463,0,1.0
2282,124045122,13,0.8332232797551633
2281,124024398,156,0.11197904115891706
2280,124024254,58,0.44307160437514187
2279,123969767,3,0.9587694076919532
2278,123802234,2,0.9723205069616594
2277,123541322,0,1.0
2276,123541092,897,3.4082879614979723e-06
2275,123384020,0,1.0
2274,122899762,0,1.0
2273,122774971,68,0.3850535617866235
2272,122715382,0,1.0
2271,122687296,0,1.0
2270,122637652,3,0.9587694076919532
2269,122575321,0,1.0
2268,122517422,0,1.0
2267,122445371,0,1.0
2266,122254873,0,1.0
2265,122253745,0,1.0
2264,122240069,0,1.0
2263,122225497,0,1.0
2262,122166106,3,0.9587694076919532
2261,122091707,1,0.9860631353831556
2260,121682038,4,0.9454071682581783
2259,121664298,0,1.0
2258,121500348,3,0.9587694076919532
2257,121477198,0,1.0
2256,121466753,0,1.0
2255,121209194,0,1.0
2254,121183995,0,1.0
2253,121145533,1,0.9860631353831556
2252,120955601,78,0.33463269589045996
2251,120954686,0,1.0
2250,120769681,176,0.08457289534291698
2249,120740631,0,1.0
2248,120663261,0,1.0
2247,120117613,6,0.9192387771259788
2246,119985877,13,0.8332232797551633
2245,119932105,15,0.810160081783797
2244,119669845,14,0.8216107597096125
2243,119502411,8,0.8937947137939475
2242,119488799,6,0.9192387771259788
2241,119485836,6,0.9192387771259788
2240,119275458,18,0.7767567017475153
2239,119051898,19,0.7659311487550337
2238,118998129,0,1.0
2237,118985964,1,0.9860631353831556
2236,118868196,1,0.9860631353831556
2235,118860133,1590,2.0347409527337512e-10
2234,118781603,5,0.9322311565463698
2233,118606563,0,1.0
2232,118525933,0,1.0
2231,118512563,4,0.9454071682581783
2230,118363477,0,1.0
2229,118354229,0,1.0
2228,118318111,0,1.0
2227,118274592,14,0.8216107597096125
2226,118202625,1,0.9860631353831556
2225,118202529,0,1.0
2224,117789171,0,1.0
2223,117667586,0,1.0
2222,117591426,42,0.5546236112506535
2221,117579354,0,1.0
2220,117570222,0,1.0
2219,117544142,0,1.0
2218,117339844,1,0.9860631353831556
2217,117100718,3,0.9587694076919532
2216,117078064,3,0.9587694076919532
2215,116987054,2,0.9723205069616594
2214,116804240,11,0.8569430283424219
2213,116803633,11,0.8569430283424219
2212,116744324,0,1.0
2211,116519228,0,1.0
2210,116515586,7,0.9064274707386204
2209,116498000,7,0.9064274707386204
2208,116438092,6,0.9192387771259788
2207,116437459,0,1.0
2206,116418896,7,0.9064274707386204
2205,116418633,0,1.0
2204,116418378,0,1.0
2203,116417637,0,1.0
2202,116341130,0,1.0
2200,116065435,1,0.9860631353831556
2199,115884652,0,1.0
2198,115852948,0,1.0
2197,115838822,0,1.0
2196,115834330,4,0.9454071682581783
2195,115805431,1,0.9860631353831556
2194,115693380,0,1.0
2193,115249612,17,0.7877352614401208
2192,114766951,23,0.7241167984252299
2191,114681341,8,0.8937947137939475
2189,114555135,0,1.0
2188,114554894,9,0.8813380178725501
2187,114550609,0,1.0
2186,114127068,0,1.0
2185,113111813,30,0.6563593581159285
2184,113084755,0,1.0
2183,113014604,16,0.7988689904060046
2181,112156135,0,1.0
2180,112107513,0,1.0
2179,111729942,2784,1.073366544583561e-17
2178,111645978,38,0.5866505246332054
2177,111603155,40,0.5704123355206817
2176,111598046,229,0.04019587648739278
2175,111586046,40,0.5704123355206817
2174,111007636,3,0.9587694076919532
2173,110890204,1,0.9860631353831556
2172,110391668,1639,1.0229173372002638e-10
2171,110164313,1,0.9860631353831556
2170,109970253,2,0.9723205069616594
2169,109326609,4,0.9454071682581783
2168,109279276,0,1.0
2167,109196814,0,1.0
2166,109073937,244,0.03256509458239752
2165,109047756,9,0.8813380178725501
2164,108830284,2,0.9723205069616594
2163,108827768,2,0.9723205069616594
2162,108724284,2,0.9723205069616594
2161,108657207,11,0.8569430283424219
2160,108644164,3,0.9587694076919532
2159,108142334,0,1.0
2158,108109920,0,1.0
2157,108089899,61,0.4248034996918782
2156,107931875,15,0.810160081783797
2155,107719449,0,1.0
2154,107718025,0,1.0
2153,107535809,3,0.9587694076919532
2152,107356069,18,0.7767567017475153
2151,106982254,0,1.0
2150,106866947,0,1.0
2149,106843964,0,1.0
2148,106783174,0,1.0
2147,106539354,2,0.9723205069616594
2146,106495461,0,1.0
2145,106491904,122,0.18045801335046754
2144,106491479,0,1.0
2143,106360900,24,0.7140248806387947
2142,106320454,0,1.0
2141,106305131,0,1.0
2140,106033640,17,0.7877352614401208
2139,105850257,3,0.9587694076919532
2138,105684758,0,1.0
2137,105433411,0,1.0
2136,105430121,0,1.0
2135,105334240,31,0.647211766601868
2134,105236211,0,1.0
2133,105212969,0,1.0
2132,105073486,0,1.0
2131,104981653,0,1.0
2130,104968409,0,1.0
2129,104732216,0,1.0
2128,104711892,0,1.0
2127,104511010,5,0.9322311565463698
2126,104384558,2,0.9723205069616594
2125,104296931,2533,3.6363246657817615e-16
2124,104201529,7,0.9064274707386204
2123,104045438,44,0.5392719108641416
2122,103836892,6,0.9192387771259788
2121,103785119,86,0.29909293464951076
2120,103369092,407,0.0033053857265708895
2119,103150461,36,0.6033509737096785
2118,103149893,0,1.0
2117,102725686,494,0.0009748392886149076
2116,102651551,1368,4.588393777091077e-09
2114,102410297,0,1.0
2113,102121628,4,0.9454071682581783
2112,102067911,0,1.0
2111,102005645,1,0.9860631353831556
2110,101893532,1,0.9860631353831556
2109,101476547,3,0.9587694076919532
2108,101388401,4,0.9454071682581783
2107,101139030,5,0.9322311565463698
2105,101013712,0,1.0
2103,100953192,0,1.0
2102,100936553,11,0.8569430283424219
2100,100658861,984,1.0051876805398856e-06
2098,100482757,12,0.8449999293720649
2097,100288847,1,0.9860631353831556
2096,100283102,0,1.0
2095,100087753,0,1.0
2094,99947711,0,1.0
2093,99741251,61,0.4248034996918782
2092,99600198,125,0.17301762257329437
2091,99437331,62,0.41888307082791076
2090,99433876,109,0.21657821827001023
2089,99418803,14,0.8216107597096125
2088,99226256,6,0.9192387771259788
2087,99197082,1824,7.624550456749645e-12
2086,99181059,1989,7.52477453562775e-13
2085,98912259,302,0.01442866870325112
2084,98903007,112,0.20764857004971626
2083,98778503,1,0.9860631353831556
2082,98695286,0,1.0
2081,98522373,0,1.0
2080,98025026,8,0.8937947137939475
2079,97958700,63,0.41304515417949417
2077,97943951,55,0.4621253043959222
2076,97926835,0,1.0
2075,97893154,0,1.0
2074,97778757,29,0.6656362402807872
2073,97432587,1,0.9860631353831556
2072,97417060,25,0.7040736125442733
2071,97041310,312,0.012539305658870441
2070,96415679,0,1.0
2069,96407450,6,0.9192387771259788
2068,96316639,1217,3.819860925079152e-08
2067,96080361,15,0.810160081783797
2066,95207783,0,1.0
2065,95106458,1,0.9860631353831556
2064,94555655,24,0.7140248806387947
2063,93957504,1,0.9860631353831556
2062,93934100,1,0.9860631353831556
2061,93719960,0,1.0
2060,93626930,0,1.0
2059,93558058,0,1.0
2058,93512071,0,1.0
2057,92915025,2,0.9723205069616594
2056,92680375,5,0.9322311565463698
2055,92659286,1,0.9860631353831556
2054,92196810,1,0.9860631353831556
2053,92088614,8,0.8937947137939475
2052,92082697,0,1.0
2051,91930835,2,0.9723205069616594
2050,91808881,1,0.9860631353831556
2049,91732648,1,0.9860631353831556
2048,91718769,0,1.0
2047,91249856,340,0.008464586064520975
2046,91237484,4,0.9454071682581783
2045,91009231,0,1.0
2044,90950151,0,1.0
2043,90948881,0,1.0
2042,90490415,1,0.9860631353831556
2041,90480966,0,1.0
2040,90115007,8,0.8937947137939475
2039,90092966,0,1.0
2038,90090063,3,0.9587694076919532
2037,90088268,0,1.0
2036,90076390,0,1.0
2035,89515318,18,0.7767567017475153
2034,89423929,2,0.9723205069616594
2033,89306263,4,0.9454071682581783
2032,89132397,0,1.0
2031,89069262,0,1.0
2030,89010681,14,0.8216107597096125
2029,88965766,23,0.7241167984252299
2028,88947140,0,1.0
2027,88843997,0,1.0
2026,88741008,13,0.8332232797551633
2025,88712251,9,0.8813380178725501
2024,88705881,0,1.0
2023,88337046,14,0.8216107597096125
2022,86913945,15,0.810160081783797
2021,86901266,0,1.0
2020,86899963,0,1.0
2019,86121975,0,1.0
2018,86115141,2,0.9723205069616594
2017,86077019,0,1.0
2016,85910080,1,0.9860631353831556
2015,85907181,1,0.9860631353831556
2014,85098609,12,0.8449999293720649
2013,84777256,62,0.41888307082791076
2012,84309547,2,0.9723205069616594
2011,84207070,0,1.0
2010,84007723,13,0.8332232797551633
2009,83891453,12,0.8449999293720649
2008,83731794,0,1.0
2007,83449507,0,1.0
2006,82159576,0,1.0
2005,81872747,0,1.0
2004,81624694,0,1.0
2003,81046925,0,1.0
2002,80923809,6,0.9192387771259788
2001,80869406,7,0.9064274707386204
2000,80412012,4,0.9454071682581783
1998,78065131,0,1.0
1997,77732075,44,0.5392719108641416
1996,77596322,109,0.21657821827001023
1995,76895175,16,0.7988689904060046
1994,75986558,6,0.9192387771259788
1993,75938030,20,0.7552564700290105
1992,75935359,20,0.7552564700290105
1991,75146290,22,0.7343513538246809
1990,74905582,50,0.4957196518811434
1989,74853669,50,0.4957196518811434
1988,74516046,51,0.48881087420496666
1987,74326458,33,0.6292972730138794
1986,72955613,3,0.9587694076919532
1985,71766156,62,0.41888307082791076
1984,71602789,16,0.7988689904060046
1983,71247398,37,0.5949421528726455
1982,71200485,462,0.001527502385037508
1981,71168034,51,0.48881087420496666
1980,70783167,0,1.0
1979,70739437,53,0.47528083701534507
1978,70578466,0,1.0
1977,70501291,3,0.9587694076919532
1976,70428572,42,0.5546236112506535
1975,69411739,0,1.0
1974,69056586,0,1.0
1973,68909884,0,1.0
1972,68688347,83,0.3119550251081932
1971,68492939,31,0.647211766601868
1970,68368949,48,0.5098315301712449
1969,68191651,63,0.41304515417949417
1968,67994331,31,0.647211766601868
1967,67944087,0,1.0
1966,67780850,75,0.34902312610914615
1965,67627195,48,0.5098315301712449
1964,67412934,67,0.39049584957559824
1963,67225422,419,0.0027930507054998335
1962,67135981,0,1.0
1961,66840243,70,0.37439547440376236
1960,66283526,4,0.9454071682581783
1959,66172089,1,0.9860631353831556
1958,66107632,1,0.9860631353831556
1957,66015403,5,0.9322311565463698
1956,65945055,0,1.0
1955,65150057,429,0.0024273144832201083
1954,64876551,79,0.32996896531146497
1953,64667580,0,1.0
1952,64646031,94,0.26732768392285133
1951,64372755,0,1.0
1950,63150852,0,1.0
1949,61009718,14,0.8216107597096125
1948,60890124,74,0.3539561652647383
1947,60636715,15,0.810160081783797
1946,60624590,1,0.9860631353831556
1945,60466362,17,0.7877352614401208
1944,60365666,3,0.9587694076919532
1943,60231498,108,0.21963930147926505
1942,60096988,4,0.9454071682581783
1941,60082970,4,0.9454071682581783
1940,59980846,111,0.21058344298514925
1939,59762525,0,1.0
1938,59616347,0,1.0
1937,59583590,67,0.39049584957559824
1935,59487344,90,0.2827646043930223
1934,59371120,0,1.0
1933,59223572,1151,9.645746669535213e-08
1932,59020488,41,0.562462576024752
1931,58982104,0,1.0
1930,58399175,0,1.0
1929,58309869,4,0.9454071682581783
1928,58182628,39,0.5784744556939917
1927,57834672,0,1.0
1926,57767558,0,1.0
1925,57738410,0,1.0
1924,57685338,0,1.0
1923,57685114,1,0.9860631353831556
1922,57590367,0,1.0
1921,57578283,0,1.0
1920,57487351,0,1.0
1919,57366627,0,1.0
1918,57284523,5,0.9322311565463698
1917,57244123,56,0.45568472659253817
1916,57190174,118,0.19087861760445934
1915,57180213,116,0.19631244660356223
1914,57159700,48,0.5098315301712449
1913,57018633,1,0.9860631353831556
1912,56805680,3,0.9587694076919532
1911,56779976,52,0.48199838322793065
1910,56779191,52,0.48199838322793065
1909,56703969,62,0.41888307082791076
1908,56384772,64,0.4072885997850509
1907,56362851,13,0.8332232797551633
1906,56346577,7,0.9064274707386204
1905,56138786,58,0.44307160437514187
1904,55861820,0,1.0
1903,55591982,14,0.8216107597096125
1902,55541949,15,0.810160081783797
1901,55459056,0,1.0
1900,55365258,2,0.9723205069616594
1899,55278106,18,0.7767567017475153
1898,55054327,145,0.130672678877518
1897,54736834,23,0.7241167984252299
1896,54551154,151,0.12011939353514535
1895,54297861,0,1.0
1894,54108761,1904,2.4808017549285674e-12
1893,54092583,0,1.0
1892,53852917,5,0.9322311565463698
1891,53286762,2214,3.1993083825124145e-14
1890,53284959,192,0.06756266351830878
1889,53282792,9,0.8813380178725501
1888,53243909,2,0.9723205069616594
1887,53133558,22,0.7343513538246809
1886,52786320,15,0.810160081783797
1885,52594104,1,0.9860631353831556
1884,52395531,4,0.9454071682581783
1883,52238141,0,1.0
1881,52084767,0,1.0
1880,51996290,3,0.9587694076919532
1879,51963980,4,0.9454071682581783
1878,51897008,2,0.9723205069616594
1877,51896988,2,0.9723205069616594
1876,51849570,779,1.785578711891482e-05
1875,51823860,6,0.9192387771259788
1874,51807244,6,0.9192387771259788
1873,51747786,0,1.0
1872,51697021,27,0.6845852118873748
1871,51686360,537,0.000533133657564968
1870,51677183,0,1.0
1869,51664126,206,0.055510211301282586
1868,51566291,193,0.06662105182370069
1867,51453894,1,0.9860631353831556
1866,51117188,11,0.8569430283424219
1865,50987650,76,0.3441588380524152
1864,50967840,0,1.0
1863,50958856,0,1.0
1862,50915038,0,1.0
1861,50636237,2,0.9723205069616594
1860,50249892,19,0.7659311487550337
1859,49951425,0,1.0
1858,49762967,12,0.8449999293720649
1857,48559899,0,1.0
1856,48406101,1,0.9860631353831556
1855,48397625,22,0.7343513538246809
1854,48157482,0,1.0
1853,48084677,5,0.9322311565463698
1852,47909200,68,0.3850535617866235
1851,47846899,0,1.0
1850,47817656,69,0.3796871224257695
1849,47809160,0,1.0
1848,47765243,34,0.6205268421161356
1847,47672339,21,0.7447305628552204
1846,47620636,0,1.0
1845,47598870,0,1.0
1844,47437417,83,0.3119550251081932
1843,47371168,0,1.0
1842,47326483,25,0.7040736125442733
1841,47271037,109,0.21657821827001023
1840,47269318,208,0.05397371679401193
1839,47148690,0,1.0
1838,47138207,41,0.562462576024752
1837,46929444,0,1.0
1836,46575415,251,0.029517896316686536
1835,46532970,92,0.27493782349423657
1834,46396153,252,0.029106509391946832
1833,46286237,119,0.18821836815265555
1832,46077478,0,1.0
1831,46043900,39,0.5784744556939917
1830,46003061,0,1.0
1829,45952481,0,1.0
1828,45894843,0,1.0
1827,45887412,21,0.7447305628552204
1826,45718734,101,0.24231315639660345
1825,45631542,596,0.00023292426922562088
1824,45606337,0,1.0
1823,45605350,0,1.0
1822,45507552,0,1.0
1821,45428922,56,0.45568472659253817
1820,45377103,0,1.0
1819,45322086,19,0.7659311487550337
1818,45287443,183,0.07665919561872228
1817,45090555,0,1.0
1816,45024370,0,1.0
1815,45020890,132,0.15682792602232043
1814,45019535,0,1.0
1813,45004023,0,1.0
1812,44812714,24,0.7140248806387947
1811,44663008,141,0.13821841346757482
1810,44553566,6,0.9192387771259788
1809,44404393,0,1.0
1808,43976279,3,0.9587694076919532
1807,43666243,3,0.9587694076919532
1806,43503684,0,1.0
1805,43431420,295,0.01591817235138915
1804,43279474,15,0.810160081783797
1803,43265682,15,0.810160081783797
1802,43217063,0,1.0
1801,43126332,0,1.0
1800,42825805,0,1.0
1799,42735451,9,0.8813380178725501
1798,42668645,3,0.9587694076919532
1797,42623315,0,1.0
1796,42622131,17,0.7877352614401208
1795,42554696,5,0.9322311565463698
1794,42544185,0,1.0
1793,42533005,10,0.8690549292357823
1790,42508849,8,0.8937947137939475
1789,42473963,15,0.810160081783797
1788,42434906,288,0.017561440782921017
1787,42365401,1,0.9860631353831556
1786,42343103,0,1.0
1785,42307690,0,1.0
1784,42046132,2,0.9723205069616594
1783,41898507,0,1.0
1782,41479301,0,1.0
1781,41389050,0,1.0
1780,41365592,0,1.0
1779,41195454,37,0.5949421528726455
1778,40801232,0,1.0
1777,40556659,70,0.37439547440376236
1776,40543491,22,0.7343513538246809
1775,40505787,177,0.08339421435026823
1774,40332150,185,0.07453730794726908
1773,40331446,181,0.07884148803800262
1772,40316087,1,0.9860631353831556
1771,40143378,5,0.9322311565463698
1770,40032907,0,1.0
1769,39884854,0,1.0
1768,39858199,44,0.5392719108641416
1767,39283876,1,0.9860631353831556
1766,39232986,2,0.9723205069616594
1765,39095690,7,0.9064274707386204
1764,39083237,0,1.0
1763,38845066,674,7.794407614928482e-05
1762,38730639,0,1.0
1761,38617058,1,0.9860631353831556
1760,38610292,5,0.9322311565463698
1759,38505201,6,0.9192387771259788
1758,38391464,0,1.0
1757,38059019,1,0.9860631353831556
1756,37935961,15,0.810160081783797
1755,37891420,3,0.9587694076919532
1754,37741129,18,0.7767567017475153
1753,37740939,0,1.0
1752,37338558,1,0.9860631353831556
1751,37319974,8,0.8937947137939475
1750,37161316,4,0.9454071682581783
1749,37076951,30,0.6563593581159285
1748,37050736,26,0.6942610339259512
1747,37033177,6,0.9192387771259788
1746,37028569,0,1.0
1745,36978821,0,1.0
1744,36837926,8,0.8937947137939475
1743,36762309,323,0.010745470564623707
1742,36762308,0,1.0
1741,36762306,29,0.6656362402807872
1740,36762304,120,0.1855951942373086
1739,36762303,0,1.0
1738,36762302,34,0.6205268421161356
1737,36762300,228,0.04076399882019097
1736,36762299,0,1.0
1735,36762292,9,0.8813380178725501
1734,36762291,1437,1.7421540297800194e-09
1733,36762290,0,1.0
1732,36762288,0,1.0
1731,36762287,0,1.0
1730,36762285,0,1.0
1729,36762280,0,1.0
1728,36762279,357,0.006667852916517837
1727,36762278,0,1.0
1726,36762276,0,1.0
1725,36762275,0,1.0
1724,36762273,31,0.647211766601868
1723,36762270,0,1.0
1722,36762266,0,1.0
1721,36762259,0,1.0
1720,36762257,0,1.0
1719,36762255,0,1.0
1718,36762254,0,1.0
1717,36762253,0,1.0
1716,36762247,4,0.9454071682581783
1715,36762244,0,1.0
1714,36762242,0,1.0
1713,36762239,0,1.0
1712,36762237,0,1.0
1711,36762235,0,1.0
1710,36762228,0,1.0
1709,36762224,0,1.0
1708,36762221,350,0.007356190243312468
1707,36762218,0,1.0
1706,36762216,0,1.0
1705,36762214,0,1.0
1704,36762213,0,1.0
1703,36762210,0,1.0
1701,36762207,0,1.0
1700,36762200,0,1.0
1699,36762198,0,1.0
1698,36762195,0,1.0
1697,36762190,92,0.27493782349423657
1696,36762189,0,1.0
1695,36762187,0,1.0
1694,36762183,0,1.0
1693,36762176,0,1.0
1692,36762175,0,1.0
1691,36762172,53,0.47528083701534507
1690,36762171,0,1.0
1689,36762168,0,1.0
1688,36762167,0,1.0
1687,36762165,99,0.24921119596026206
1686,36762160,0,1.0
1684,36762155,0,1.0
1683,36762154,0,1.0
1682,36762153,0,1.0
1681,36762150,0,1.0
1680,36762149,0,1.0
1679,36762146,0,1.0
1678,36762140,0,1.0
1677,36762133,0,1.0
1676,36762132,0,1.0
1675,36762127,0,1.0
1674,36762120,0,1.0
1673,36762111,0,1.0
1672,36762108,0,1.0
1671,36762106,0,1.0
1670,36762099,0,1.0
1669,36762097,0,1.0
1668,36762095,0,1.0
1667,36762094,0,1.0
1666,36762085,9,0.8813380178725501
1665,36762080,0,1.0
1664,36762078,0,1.0
1663,36762077,0,1.0
1662,36762075,0,1.0
1661,36762071,0,1.0
1660,36762067,702,5.261569968337708e-05
1659,36762066,0,1.0
1658,36762063,0,1.0
1657,36762057,0,1.0
1656,36762055,0,1.0
1655,36762049,0,1.0
1654,36762043,0,1.0
1653,36762040,0,1.0
1652,36762039,0,1.0
1651,36762037,0,1.0
1650,36762035,0,1.0
1649,36762032,0,1.0
1648,36762031,0,1.0
1647,36762025,0,1.0
1646,36762024,0,1.0
1645,36762023,0,1.0
1644,36762022,0,1.0
1643,36762021,0,1.0
1642,36762020,231,0.03908327500398998
1641,36762014,0,1.0
1640,36762012,0,1.0
1639,36762010,0,1.0
1638,36762008,0,1.0
1637,36762006,0,1.0
1636,36762005,0,1.0
1635,36762001,0,1.0
1634,36761995,0,1.0
1633,36761994,0,1.0
1632,36761987,0,1.0
1631,36761983,0,1.0
1630,36761981,0,1.0
1629,36761978,0,1.0
1628,36761973,0,1.0
1627,36761965,0,1.0
1626,36761961,0,1.0
1625,36761960,945,1.7376526666747421e-06
1624,36761957,120,0.1855951942373086
1623,36761948,0,1.0
1622,36761945,0,1.0
1621,36761943,0,1.0
1620,36761936,0,1.0
1619,36761935,0,1.0
1618,36761934,0,1.0
1617,36761933,0,1.0
1616,36761931,0,1.0
1615,36761927,0,1.0
1614,36761922,0,1.0
1613,36761914,0,1.0
1612,36761913,0,1.0
1611,36761911,323,0.010745470564623707
1610,36761906,0,1.0
1609,36761904,401,0.0035957857836516143
1608,36761902,0,1.0
1607,36761900,0,1.0
1606,36761884,0,1.0
1605,36761866,0,1.0
1604,36761865,0,1.0
1603,36761864,226,0.041924446237971195
1602,36761861,0,1.0
1601,36761860,0,1.0
1600,36761857,0,1.0
1599,36761848,0,1.0
1598,36761847,0,1.0
1597,36761845,0,1.0
1596,36761838,0,1.0
1595,36761837,2994,5.633000971681235e-19
1594,36761835,0,1.0
1593,36761834,0,1.0
1592,36761831,0,1.0
1591,36761830,0,1.0
1590,36761828,0,1.0
1589,36761826,0,1.0
1588,36761824,0,1.0
1587,36761822,0,1.0
1586,36761818,0,1.0
1585,36761815,0,1.0
1584,36761812,0,1.0
1583,36761803,0,1.0
1582,36761802,0,1.0
1581,36761788,0,1.0
1580,36761787,0,1.0
1579,36761785,0,1.0
1578,36761784,0,1.0
1577,36761782,0,1.0
1576,36761781,0,1.0
1575,36761777,0,1.0
1574,36761776,0,1.0
1573,36761773,0,1.0
1572,36761772,0,1.0
1571,36761771,0,1.0
1570,36761768,0,1.0
1569,36761767,0,1.0
1568,36761763,0,1.0
1567,36761757,0,1.0
1566,36761755,0,1.0
1565,36761752,0,1.0
1564,36761750,0,1.0
1563,36761747,0,1.0
1562,36761745,0,1.0
1561,36761744,273,0.021676507122215322
1560,36761743,0,1.0
1559,36761739,0,1.0
1558,36761729,0,1.0
1557,36761725,0,1.0
1556,36761723,0,1.0
1555,36761722,0,1.0
1554,36761720,0,1.0
1553,36761718,0,1.0
1552,36761717,0,1.0
1551,36761714,0,1.0
1550,36761713,0,1.0
1549,36761711,0,1.0
1548,36761708,0,1.0
1547,36761705,0,1.0
1546,36761704,0,1.0
1545,36761699,0,1.0
1544,36761698,0,1.0
1543,36761695,0,1.0
1542,36761692,0,1.0
1541,36761688,0,1.0
1540,36761686,0,1.0
1539,36761684,0,1.0
1538,36761681,0,1.0
1537,36761679,0,1.0
1536,36761677,0,1.0
1535,36761672,0,1.0
1534,36761668,0,1.0
1533,36761667,0,1.0
1532,36761663,0,1.0
1531,36761657,0,1.0
1530,36761650,0,1.0
1529,36761647,0,1.0
1528,36761644,0,1.0
1527,36761642,0,1.0
1526,36761639,0,1.0
1525,36761637,0,1.0
1524,36761632,0,1.0
1523,36761631,0,1.0
1522,36761628,0,1.0
1521,36761626,0,1.0
1520,36761625,0,1.0
1519,36761620,0,1.0
1518,36761619,0,1.0
1517,36761616,0,1.0
1516,36761615,0,1.0
1515,36761610,0,1.0
1514,36761609,0,1.0
1513,36761607,0,1.0
1512,36761604,0,1.0
1511,36761599,0,1.0
1510,36761598,0,1.0
1509,36761596,0,1.0
1508,36761591,0,1.0
1507,36761590,0,1.0
1506,36761574,506,0.000823739130028711
1505,36761570,0,1.0
1504,36761568,0,1.0
